125228	hex.tech
130851	lightdash.com
132133	omni.co
132133	mode.com
140618	mode.com
151272	mode.com
151677	sigmacomputing.com
155283	mode.com
156182	hex.tech
156850	hex.tech
157593	sigmacomputing.com
158282	hex.tech
158382	hex.tech
158926	sigmacomputing.com
160301	sigmacomputing.com
160382	sigmacomputing.com
163513	hex.tech
163636	hex.tech
164732	hex.tech
164836	hex.tech
166337	sigmacomputing.com
169400	mode.com
170131	hex.tech
174686	hex.tech
177103	mode.com
177103	sigmacomputing.com
177934	mode.com
177934	hex.tech
179389	mode.com
179389	sigmacomputing.com
183627	lightdash.com
183627	mode.com
183874	sigmacomputing.com
184451	hex.tech
184660	sigmacomputing.com
184986	hex.tech
185585	lightdash.com
185585	hex.tech
187806	hex.tech
189331	sigmacomputing.com
189331	hex.tech
189728	mode.com
190052	lightdash.com
190052	mode.com
190052	sigmacomputing.com
192474	omni.co
193593	mode.com
193593	sigmacomputing.com
193593	hex.tech
194247	sigmacomputing.com
195135	hex.tech
196655	mode.com
197669	mode.com
199254	hex.tech
199625	omni.co
199625	sigmacomputing.com
200202	hex.tech
202675	omni.co
202675	sigmacomputing.com
202675	hex.tech
202968	lightdash.com
202968	hex.tech
203666	lightdash.com
203893	omni.co
203893	mode.com
203893	sigmacomputing.com
203893	hex.tech
205518	sigmacomputing.com
205518	hex.tech
205603	hex.tech
206227	hex.tech
207064	mode.com
207064	hex.tech
207243	sigmacomputing.com
208282	mode.com
208462	mode.com
208462	hex.tech
208718	mode.com
208896	sigmacomputing.com
208905	sigmacomputing.com
208970	lightdash.com
209221	hex.tech
212833	mode.com
212833	sigmacomputing.com
213558	hex.tech
214168	lightdash.com
214952	lightdash.com
214952	mode.com
214952	hex.tech
215091	omni.co
215091	sigmacomputing.com
215698	sigmacomputing.com
216449	omni.co
216449	sigmacomputing.com
216449	hex.tech
217364	sigmacomputing.com
218257	mode.com
219026	mode.com
219026	sigmacomputing.com
219802	lightdash.com
221257	mode.com
221257	sigmacomputing.com
222008	hex.tech
223211	sigmacomputing.com
223493	omni.co
227107	mode.com
227107	sigmacomputing.com
227107	hex.tech
229090	omni.co
231079	sigmacomputing.com
231278	sigmacomputing.com
231932	mode.com
235895	sigmacomputing.com
236939	sigmacomputing.com
237770	mode.com
237994	mode.com
238357	sigmacomputing.com
239997	mode.com
239997	hex.tech
243408	omni.co
243510	hex.tech
243860	lightdash.com
243860	mode.com
243860	sigmacomputing.com
243860	hex.tech
244255	lightdash.com
245799	omni.co
245799	hex.tech
246662	hex.tech
248390	hex.tech
249616	lightdash.com
249616	sigmacomputing.com
249616	hex.tech
250173	sigmacomputing.com
250506	hex.tech
250817	hex.tech
251236	sigmacomputing.com
251828	hex.tech
253905	hex.tech
254352	lightdash.com
255983	hex.tech
256106	omni.co
256817	mode.com
257746	hex.tech
259121	hex.tech
259606	sigmacomputing.com
262963	hex.tech
265257	omni.co
265257	lightdash.com
265257	mode.com
265257	sigmacomputing.com
265257	hex.tech
269009	sigmacomputing.com
271766	omni.co
275896	hex.tech
275940	lightdash.com
275940	mode.com
275940	hex.tech
277599	hex.tech
277727	hex.tech
277802	lightdash.com
277878	hex.tech
278211	hex.tech
281585	hex.tech
282269	omni.co
282269	hex.tech
283115	lightdash.com
283765	mode.com
283765	sigmacomputing.com
283765	hex.tech
284822	omni.co
284822	lightdash.com
284822	sigmacomputing.com
284822	hex.tech
285044	omni.co
287198	sigmacomputing.com
287361	hex.tech
287541	omni.co
287541	hex.tech
287933	sigmacomputing.com
289177	sigmacomputing.com
289364	hex.tech
289542	lightdash.com
291796	mode.com
291796	hex.tech
291820	hex.tech
291833	hex.tech
291851	lightdash.com
295178	mode.com
295178	hex.tech
295698	mode.com
296158	omni.co
296158	lightdash.com
296158	mode.com
296158	sigmacomputing.com
296491	mode.com
296491	sigmacomputing.com
296491	hex.tech
296566	omni.co
297107	sigmacomputing.com
301940	hex.tech
302100	omni.co
303170	sigmacomputing.com
308435	hex.tech
308758	sigmacomputing.com
309049	sigmacomputing.com
332257	mode.com
395121	hex.tech
395782	mode.com
395782	sigmacomputing.com
437589	sigmacomputing.com
437699	omni.co
437699	lightdash.com
437699	sigmacomputing.com
437699	hex.tech
443545	mode.com
443545	hex.tech
458880	hex.tech
469758	hex.tech
478397	sigmacomputing.com
481828	hex.tech
489821	hex.tech
495683	mode.com
505249	lightdash.com
505343	mode.com
515031	omni.co
515031	lightdash.com
515031	hex.tech
532984	hex.tech
539329	mode.com
548485	hex.tech
551568	hex.tech
555778	mode.com
583877	mode.com
975682	mode.com
1086114	mode.com
1114757	mode.com
1247812	mode.com
1529351	mode.com
1566258	mode.com
1840380	sigmacomputing.com
1933057	hex.tech
2584041	mode.com
2648551	mode.com
2648551	sigmacomputing.com
2648551	hex.tech
2895106	sigmacomputing.com
3255999	mode.com
3297635	mode.com
3318290	sigmacomputing.com
3542539	hex.tech
3688661	sigmacomputing.com
4047268	hex.tech
4176636	mode.com
4328305	sigmacomputing.com
4334256	sigmacomputing.com
4476954	mode.com
4544783	mode.com
4585814	omni.co
4641139	sigmacomputing.com
5133767	hex.tech
5249502	mode.com
5499866	omni.co
5741345	mode.com
5895220	sigmacomputing.com
5982665	sigmacomputing.com
6137814	mode.com
6161546	mode.com
6247838	mode.com
6264060	sigmacomputing.com
6381939	sigmacomputing.com
6381994	hex.tech
6495833	sigmacomputing.com
6500201	lightdash.com
6500202	lightdash.com
6511436	hex.tech
6517538	sigmacomputing.com
6517538	hex.tech
7430353	sigmacomputing.com
7469282	lightdash.com
7469282	mode.com
7515098	mode.com
7561552	mode.com
7661259	sigmacomputing.com
7733006	sigmacomputing.com
7782645	sigmacomputing.com
7789521	hex.tech
7806286	sigmacomputing.com
7828937	sigmacomputing.com
7940367	mode.com
7965094	mode.com
7986928	hex.tech
8279091	omni.co
8279091	mode.com
8310221	hex.tech
8344274	hex.tech
8346981	sigmacomputing.com
8346981	hex.tech
9698259	hex.tech
9904715	hex.tech
11426595	lightdash.com
11459192	hex.tech
11476541	mode.com
11493909	hex.tech
11504240	mode.com
11540373	hex.tech
11557120	hex.tech
11598743	mode.com
11625525	omni.co
11625525	sigmacomputing.com
11694342	mode.com
11773270	lightdash.com
11773270	mode.com
11773270	sigmacomputing.com
11773270	hex.tech
11779620	mode.com
11791125	mode.com
11791564	hex.tech
11793474	lightdash.com
11793474	mode.com
11793474	sigmacomputing.com
11793474	hex.tech
11797503	mode.com
11799295	hex.tech
11802540	omni.co
11807265	hex.tech
11833187	sigmacomputing.com
11837023	mode.com
11852482	omni.co
11852482	mode.com
11852482	hex.tech
11859883	mode.com
11872954	hex.tech
11931709	hex.tech
11934370	omni.co
11934370	sigmacomputing.com
11934370	hex.tech
11934829	sigmacomputing.com
11942529	mode.com
11956892	sigmacomputing.com
11957185	hex.tech
11960668	hex.tech
11984397	sigmacomputing.com
11997246	mode.com
12015605	hex.tech
12016800	mode.com
12027976	hex.tech
12033932	hex.tech
12034298	hex.tech
12034517	mode.com
12036049	mode.com
12041307	sigmacomputing.com
12046418	omni.co
12049448	lightdash.com
12055069	lightdash.com
12055069	mode.com
12055069	sigmacomputing.com
12055069	hex.tech
12056572	mode.com
12069829	mode.com
12086952	omni.co
12109704	omni.co
12111382	omni.co
12111382	lightdash.com
12111382	mode.com
12111382	sigmacomputing.com
12111382	hex.tech
12119937	lightdash.com
12119937	mode.com
12119937	sigmacomputing.com
12121004	omni.co
12122102	sigmacomputing.com
12126644	sigmacomputing.com
12138517	omni.co
12138517	lightdash.com
12138517	hex.tech
12139567	hex.tech
12142511	hex.tech
12142833	omni.co
12147550	sigmacomputing.com
12147550	hex.tech
12156505	mode.com
12157004	omni.co
12170329	sigmacomputing.com
12171625	hex.tech
12176327	omni.co
12181228	hex.tech
12185431	hex.tech
12196234	hex.tech
12201433	mode.com
12201433	sigmacomputing.com
12239117	mode.com
12275013	mode.com
12600657	hex.tech
12661440	mode.com
12786037	sigmacomputing.com
12865817	hex.tech
13201603	mode.com
13780841	mode.com
13804746	mode.com
13831546	hex.tech
14018243	sigmacomputing.com
14062871	sigmacomputing.com
14242195	mode.com
15054592	hex.tech
15254177	sigmacomputing.com
15254177	hex.tech
15366678	mode.com
15379142	hex.tech
15428448	hex.tech
15440853	sigmacomputing.com
15449021	mode.com
15490908	mode.com
15496294	hex.tech
15630945	mode.com
15679390	omni.co
15686220	lightdash.com
15689942	sigmacomputing.com
15715984	sigmacomputing.com
15743727	sigmacomputing.com
15873974	omni.co
15873974	sigmacomputing.com
16061089	mode.com
16153190	mode.com
16154211	sigmacomputing.com
16234517	sigmacomputing.com
16400772	mode.com
16411192	omni.co
16412560	mode.com
16487884	hex.tech
16503896	hex.tech
16521983	mode.com
16521983	sigmacomputing.com
16523309	omni.co
16523309	hex.tech
16527744	mode.com
16527744	sigmacomputing.com
16652763	mode.com
16670906	omni.co
16670906	hex.tech
16672110	omni.co
16674630	hex.tech
16674713	omni.co
16675073	hex.tech
16676535	sigmacomputing.com
16676751	omni.co
16682184	hex.tech
16682426	mode.com
16682426	hex.tech
16694115	mode.com
16694586	lightdash.com
16694586	mode.com
16694586	hex.tech
16699385	hex.tech
16700073	sigmacomputing.com
16700073	hex.tech
16700463	hex.tech
16701133	mode.com
16701133	hex.tech
16712497	hex.tech
16733254	hex.tech
16738393	omni.co
16754384	mode.com
16766411	hex.tech
16767051	sigmacomputing.com
16780432	lightdash.com
16780432	sigmacomputing.com
16780432	hex.tech
16785483	hex.tech
16803559	mode.com
16803559	sigmacomputing.com
16803559	hex.tech
16859605	hex.tech
16874048	hex.tech
16877661	sigmacomputing.com
16878385	hex.tech
16879918	omni.co
16880058	hex.tech
16881720	sigmacomputing.com
16882120	mode.com
16883639	mode.com
16883639	hex.tech
16883652	hex.tech
16883659	hex.tech
16883947	hex.tech
16884122	hex.tech
16884292	hex.tech
16884328	hex.tech
16896460	lightdash.com
16994409	mode.com
17067086	mode.com
17103817	sigmacomputing.com
17153001	mode.com
17153001	hex.tech
17244905	mode.com
17262586	mode.com
17343191	mode.com
17466828	mode.com
17468692	mode.com
17533869	hex.tech
17624847	sigmacomputing.com
17642496	lightdash.com
17649881	hex.tech
17665195	mode.com
17717067	hex.tech
17785689	hex.tech
17813365	sigmacomputing.com
17841140	mode.com
17845907	omni.co
17908797	mode.com
17951630	omni.co
17951630	lightdash.com
17951630	mode.com
17951630	sigmacomputing.com
17951630	hex.tech
17954645	mode.com
18069258	mode.com
18184121	omni.co
18187120	hex.tech
18188000	mode.com
18188297	hex.tech
18277714	mode.com
18278450	mode.com
18279911	mode.com
18280057	omni.co
18280057	sigmacomputing.com
18280380	sigmacomputing.com
18281705	sigmacomputing.com
18456612	hex.tech
18574785	mode.com
18770399	hex.tech
18777839	mode.com
18794595	mode.com
18797485	mode.com
18799588	mode.com
18815185	mode.com
18944444	hex.tech
18949028	hex.tech
18987441	sigmacomputing.com
19000436	mode.com
19012018	mode.com
19021176	mode.com
19041914	omni.co
19082823	lightdash.com
19092958	mode.com
19099951	mode.com
19106199	mode.com
19110002	sigmacomputing.com
19250842	mode.com
19251811	sigmacomputing.com
19289796	hex.tech
19310121	mode.com
19310121	sigmacomputing.com
19364218	mode.com
19487971	mode.com
19542048	hex.tech
19581526	hex.tech
19609695	mode.com
19701432	mode.com
19811272	mode.com
19845289	mode.com
19880766	mode.com
19941764	mode.com
20016785	hex.tech
20112697	mode.com
20186006	mode.com
20186006	sigmacomputing.com
20186006	hex.tech
20194745	mode.com
20219085	mode.com
20269143	sigmacomputing.com
20269143	hex.tech
20320192	lightdash.com
20390628	mode.com
20426272	sigmacomputing.com
20548877	hex.tech
20588627	hex.tech
20605190	hex.tech
20707446	sigmacomputing.com
20742723	hex.tech
20786678	omni.co
20786678	hex.tech
20838934	mode.com
20851046	omni.co
20923564	mode.com
20923564	hex.tech
21019940	mode.com
21129229	sigmacomputing.com
21162515	sigmacomputing.com
21174353	mode.com
21193928	hex.tech
21317441	mode.com
21604254	mode.com
21608615	mode.com
21696969	lightdash.com
22178925	omni.co
22178925	lightdash.com
22178925	mode.com
22178925	sigmacomputing.com
22178925	hex.tech
22210685	sigmacomputing.com
22223828	sigmacomputing.com
22351028	mode.com
22445783	hex.tech
22535925	mode.com
22535925	hex.tech
22574982	mode.com
22649066	mode.com
22661408	hex.tech
22662146	lightdash.com
22671456	mode.com
22696622	hex.tech
22849882	omni.co
22893522	mode.com
22981669	mode.com
23008540	sigmacomputing.com
23065311	mode.com
23065850	sigmacomputing.com
23072756	mode.com
23267540	sigmacomputing.com
23275439	sigmacomputing.com
23275439	hex.tech
23330180	hex.tech
23377321	omni.co
23453283	hex.tech
23596073	sigmacomputing.com
23598226	sigmacomputing.com
23655683	mode.com
23672661	sigmacomputing.com
23679223	lightdash.com
23679223	mode.com
23679223	sigmacomputing.com
23679223	hex.tech
23773954	hex.tech
23789483	mode.com
23792486	mode.com
23804287	mode.com
23804287	hex.tech
23805622	mode.com
23987948	sigmacomputing.com
24087699	sigmacomputing.com
24140826	mode.com
24172261	hex.tech
24243319	sigmacomputing.com
24435711	mode.com
24502586	sigmacomputing.com
24597842	mode.com
24690678	mode.com
24845651	hex.tech
24898938	mode.com
24969249	hex.tech
24971955	mode.com
25297022	mode.com
25336812	sigmacomputing.com
25336812	hex.tech
25336851	omni.co
25336880	hex.tech
25336913	hex.tech
25337001	hex.tech
25337038	hex.tech
25337073	hex.tech
25337076	hex.tech
25406411	mode.com
25421562	mode.com
25476745	omni.co
25476745	hex.tech
25508177	sigmacomputing.com
25510038	omni.co
25510038	sigmacomputing.com
25510038	hex.tech
25542271	sigmacomputing.com
25546736	hex.tech
25586032	omni.co
25660833	mode.com
25660833	hex.tech
25754075	hex.tech
25762488	lightdash.com
25945496	mode.com
26007817	sigmacomputing.com
26016599	mode.com
26052160	mode.com
26117038	mode.com
26160593	sigmacomputing.com
26160593	hex.tech
26264203	mode.com
26273715	mode.com
26298354	sigmacomputing.com
26324291	mode.com
26391863	mode.com
26575338	lightdash.com
26575338	sigmacomputing.com
26722226	sigmacomputing.com
26749264	lightdash.com
26749264	mode.com
26749264	sigmacomputing.com
26749264	hex.tech
26766705	mode.com
27022659	sigmacomputing.com
27023771	mode.com
27050445	sigmacomputing.com
27122017	sigmacomputing.com
27287272	mode.com
27309703	mode.com
27309703	sigmacomputing.com
27309703	hex.tech
27330755	mode.com
27369075	hex.tech
27426824	sigmacomputing.com
27426824	hex.tech
27430695	mode.com
27430695	sigmacomputing.com
27430949	hex.tech
27430968	hex.tech
27440566	mode.com
27445122	hex.tech
27456296	hex.tech
27561908	mode.com
27582695	mode.com
27632619	mode.com
27663902	mode.com
27953929	mode.com
28105663	sigmacomputing.com
28106176	omni.co
28106176	sigmacomputing.com
28143179	omni.co
28254925	mode.com
28261900	hex.tech
28271152	mode.com
28271152	sigmacomputing.com
28279953	mode.com
28302221	mode.com
28302881	omni.co
28302900	omni.co
28302900	sigmacomputing.com
28302900	hex.tech
28316453	lightdash.com
28316453	hex.tech
28359364	mode.com
28411607	omni.co
28411607	lightdash.com
28411607	mode.com
28411607	sigmacomputing.com
28411607	hex.tech
28523920	omni.co
28534513	hex.tech
28600748	sigmacomputing.com
28662454	hex.tech
28677710	mode.com
28716566	mode.com
28762855	hex.tech
28763132	sigmacomputing.com
28763782	hex.tech
28790744	mode.com
28793761	sigmacomputing.com
28796929	mode.com
28805833	mode.com
28825920	hex.tech
28842671	hex.tech
28894276	omni.co
28912423	hex.tech
28929542	sigmacomputing.com
28931623	mode.com
29065552	hex.tech
29111253	hex.tech
29115382	hex.tech
29116539	hex.tech
29176572	sigmacomputing.com
29210817	sigmacomputing.com
29219170	sigmacomputing.com
29238751	hex.tech
29251982	sigmacomputing.com
29294351	mode.com
29325564	sigmacomputing.com
29374222	mode.com
29381081	omni.co
29385450	mode.com
29396090	mode.com
29396090	hex.tech
29412658	mode.com
29427754	mode.com
29448228	mode.com
29484497	mode.com
29540102	omni.co
29540102	sigmacomputing.com
29567803	sigmacomputing.com
29597622	sigmacomputing.com
29677402	hex.tech
29710955	mode.com
29733321	sigmacomputing.com
29794240	sigmacomputing.com
29829406	sigmacomputing.com
29870467	mode.com
29986732	sigmacomputing.com
30032025	omni.co
30074934	hex.tech
30088110	hex.tech
30097471	mode.com
30097471	sigmacomputing.com
30114109	mode.com
30186862	mode.com
30193492	hex.tech
30205190	mode.com
30205190	hex.tech
30212523	sigmacomputing.com
30215572	omni.co
30215572	hex.tech
30225443	mode.com
30235084	hex.tech
30273408	sigmacomputing.com
30330708	sigmacomputing.com
30334167	sigmacomputing.com
30391233	hex.tech
30397777	mode.com
30402519	sigmacomputing.com
30435051	omni.co
30435051	hex.tech
30439142	mode.com
30465710	sigmacomputing.com
30532108	mode.com
30550064	mode.com
30550064	hex.tech
30557151	sigmacomputing.com
30566945	sigmacomputing.com
30676216	mode.com
30706800	sigmacomputing.com
30714683	mode.com
30718242	hex.tech
30744159	hex.tech
30812018	mode.com
30845669	sigmacomputing.com
30943097	mode.com
30943097	sigmacomputing.com
30959267	sigmacomputing.com
30959374	mode.com
30959374	sigmacomputing.com
30959753	sigmacomputing.com
30959920	omni.co
30960038	omni.co
30960278	mode.com
30961420	sigmacomputing.com
30961546	omni.co
30961546	mode.com
30961546	sigmacomputing.com
30961546	hex.tech
30961839	omni.co
30961839	mode.com
30961839	sigmacomputing.com
30963602	omni.co
30963735	hex.tech
30964090	sigmacomputing.com
30964090	hex.tech
30964665	mode.com
30964686	lightdash.com
30964686	mode.com
30964688	hex.tech
30965436	lightdash.com
30965436	mode.com
30965436	hex.tech
30965569	omni.co
30965895	omni.co
30965895	lightdash.com
30965895	sigmacomputing.com
30966383	mode.com
30966561	omni.co
30966561	mode.com
30966561	sigmacomputing.com
30966561	hex.tech
30966847	omni.co
30966847	lightdash.com
30966847	sigmacomputing.com
30966893	mode.com
30967807	mode.com
30967826	mode.com
30969183	mode.com
30970764	sigmacomputing.com
30972104	mode.com
30972788	sigmacomputing.com
30972907	mode.com
30973081	mode.com
30975202	mode.com
30975202	sigmacomputing.com
30975202	hex.tech
30975542	sigmacomputing.com
30980442	mode.com
30989238	hex.tech
31011003	mode.com
31021329	lightdash.com
31103448	mode.com
31103448	sigmacomputing.com
31103448	hex.tech
31104476	mode.com
31211444	hex.tech
31223165	sigmacomputing.com
31236655	mode.com
31246019	sigmacomputing.com
31254612	mode.com
31260798	mode.com
31371963	hex.tech
31415382	mode.com
31459600	mode.com
31464271	hex.tech
31496792	mode.com
31540691	mode.com
31606195	mode.com
31636487	mode.com
31727956	omni.co
31882675	mode.com
31903763	sigmacomputing.com
31970434	mode.com
31997307	omni.co
32034070	sigmacomputing.com
32034070	hex.tech
32044211	sigmacomputing.com
32058854	omni.co
32129985	hex.tech
32172638	mode.com
32208332	hex.tech
32212274	mode.com
32330932	mode.com
32471893	mode.com
32512258	sigmacomputing.com
32524618	mode.com
32543329	hex.tech
32578765	sigmacomputing.com
32578765	hex.tech
32631647	hex.tech
32656117	sigmacomputing.com
32664092	mode.com
32674946	mode.com
32734806	hex.tech
32738648	sigmacomputing.com
32808352	mode.com
32862729	sigmacomputing.com
32916650	hex.tech
32994266	omni.co
32994266	mode.com
33150568	mode.com
33162443	mode.com
33167837	mode.com
33193512	mode.com
33251188	mode.com
33325891	mode.com
33394603	sigmacomputing.com
33396755	mode.com
33466711	mode.com
33543756	mode.com
33543756	sigmacomputing.com
33593447	sigmacomputing.com
33625413	lightdash.com
33625413	sigmacomputing.com
33625413	hex.tech
33696478	mode.com
33820941	sigmacomputing.com
33820941	hex.tech
33824558	mode.com
33826376	sigmacomputing.com
33838316	omni.co
33838316	sigmacomputing.com
33876065	mode.com
33932411	hex.tech
33934077	sigmacomputing.com
33945311	sigmacomputing.com
33945311	hex.tech
34020940	sigmacomputing.com
34072288	mode.com
34104598	mode.com
34113765	sigmacomputing.com
34124133	mode.com
34124644	hex.tech
34131477	sigmacomputing.com
34138363	sigmacomputing.com
34147476	sigmacomputing.com
34147476	hex.tech
34160990	omni.co
34160990	sigmacomputing.com
34460083	mode.com
34540867	sigmacomputing.com
34646877	sigmacomputing.com
34654388	mode.com
34673296	mode.com
34679090	mode.com
34679090	sigmacomputing.com
34687609	mode.com
34716943	sigmacomputing.com
34758114	mode.com
34777248	mode.com
34790496	mode.com
34794381	sigmacomputing.com
34795180	hex.tech
34800668	omni.co
34907653	mode.com
34955113	mode.com
34975701	omni.co
34975701	sigmacomputing.com
34975701	hex.tech
34987027	hex.tech
34995784	mode.com
35146250	mode.com
35177496	lightdash.com
35177496	mode.com
35263663	sigmacomputing.com
35281304	omni.co
35287102	mode.com
35344188	omni.co
35366224	mode.com
35536576	mode.com
35537184	hex.tech
35539320	sigmacomputing.com
35539320	hex.tech
35548914	hex.tech
35581734	sigmacomputing.com
35595740	sigmacomputing.com
35640791	lightdash.com
35640791	sigmacomputing.com
35640791	hex.tech
35645717	omni.co
35645717	mode.com
35657565	hex.tech
35716954	mode.com
35716954	sigmacomputing.com
35716954	hex.tech
35722229	hex.tech
35777754	mode.com
35797258	sigmacomputing.com
35805993	sigmacomputing.com
35890181	hex.tech
35904358	mode.com
36015549	mode.com
36025569	mode.com
36106174	omni.co
36106174	mode.com
36106174	sigmacomputing.com
36121131	mode.com
36171207	omni.co
36200320	mode.com
36203334	hex.tech
36203434	mode.com
36203821	omni.co
36204470	hex.tech
36209513	sigmacomputing.com
36212402	omni.co
36307674	mode.com
36317362	hex.tech
36322366	mode.com
36357212	mode.com
36378613	mode.com
36381665	hex.tech
36438618	mode.com
36438618	sigmacomputing.com
36449230	mode.com
36468384	mode.com
36503618	omni.co
36523706	mode.com
36533588	hex.tech
36562798	mode.com
36630199	mode.com
36650541	hex.tech
36720127	mode.com
36720127	hex.tech
36729211	omni.co
36729211	sigmacomputing.com
36731712	hex.tech
36757012	sigmacomputing.com
36757012	hex.tech
36766081	hex.tech
36766521	mode.com
36766521	sigmacomputing.com
36766521	hex.tech
36786751	mode.com
36824844	omni.co
36837272	hex.tech
36912600	omni.co
36912743	mode.com
36963773	hex.tech
36969364	mode.com
37039904	hex.tech
37155854	mode.com
37155854	hex.tech
37222493	sigmacomputing.com
37231086	hex.tech
37248519	hex.tech
37272513	mode.com
37305032	mode.com
37341329	mode.com
37342357	lightdash.com
37342788	omni.co
37342788	lightdash.com
37342788	mode.com
37342788	sigmacomputing.com
37342788	hex.tech
37345397	hex.tech
37359916	hex.tech
37367480	hex.tech
37373165	hex.tech
37390182	sigmacomputing.com
37392252	omni.co
37398193	mode.com
37503213	sigmacomputing.com
37570320	hex.tech
37576414	lightdash.com
37576414	mode.com
37576414	hex.tech
37577123	lightdash.com
37618088	mode.com
37638326	hex.tech
37658435	mode.com
37661397	mode.com
37675951	mode.com
37675951	sigmacomputing.com
37758825	hex.tech
37816621	sigmacomputing.com
37861397	sigmacomputing.com
37979767	hex.tech
38014739	mode.com
38014739	sigmacomputing.com
38014739	hex.tech
38018818	mode.com
38029640	sigmacomputing.com
38043920	mode.com
38054153	sigmacomputing.com
38059611	mode.com
38160595	hex.tech
38169237	mode.com
38281786	sigmacomputing.com
38346525	hex.tech
38374330	sigmacomputing.com
38374330	hex.tech
38376115	mode.com
38385502	sigmacomputing.com
38387750	mode.com
38486249	sigmacomputing.com
38486647	mode.com
38488111	hex.tech
38565530	lightdash.com
38565819	hex.tech
38615957	hex.tech
38710641	mode.com
38831097	mode.com
38831433	mode.com
38911300	hex.tech
39089760	hex.tech
39248458	lightdash.com
39309042	mode.com
39393022	mode.com
39491822	mode.com
39508159	mode.com
39508159	hex.tech
39549382	sigmacomputing.com
39580117	sigmacomputing.com
39589873	sigmacomputing.com
39711651	lightdash.com
39711651	mode.com
39711651	sigmacomputing.com
39711651	hex.tech
39738223	sigmacomputing.com
39738229	sigmacomputing.com
39739903	mode.com
39745861	hex.tech
39815760	sigmacomputing.com
39834132	mode.com
39838890	mode.com
39874918	mode.com
39874918	sigmacomputing.com
39874918	hex.tech
39951713	sigmacomputing.com
39962227	hex.tech
39978028	mode.com
40131469	mode.com
40314612	mode.com
40334962	sigmacomputing.com
40382088	omni.co
40443066	mode.com
40547923	mode.com
40547923	sigmacomputing.com
40572960	mode.com
40737121	mode.com
40737121	sigmacomputing.com
40739580	hex.tech
40927268	sigmacomputing.com
40931637	omni.co
40939473	sigmacomputing.com
40952535	mode.com
41000946	omni.co
41001374	hex.tech
41011780	mode.com
41059883	sigmacomputing.com
41121115	omni.co
41121496	mode.com
41233797	hex.tech
41266390	mode.com
41359441	hex.tech
41426339	mode.com
41456875	sigmacomputing.com
41598491	mode.com
41628321	mode.com
41628321	sigmacomputing.com
41628321	hex.tech
41632714	sigmacomputing.com
41642019	lightdash.com
41644158	mode.com
41659807	mode.com
41672849	sigmacomputing.com
41673449	mode.com
41673449	sigmacomputing.com
41744780	mode.com
41796844	sigmacomputing.com
41799219	hex.tech
41799969	sigmacomputing.com
41813258	hex.tech
41814277	sigmacomputing.com
41815640	mode.com
41828890	hex.tech
41836507	sigmacomputing.com
41883495	sigmacomputing.com
41891252	hex.tech
41895339	mode.com
41898137	mode.com
41953105	mode.com
41954044	omni.co
41954044	sigmacomputing.com
41954044	hex.tech
42002772	sigmacomputing.com
42077341	lightdash.com
42115921	sigmacomputing.com
42160677	sigmacomputing.com
42262235	mode.com
42274644	hex.tech
42280772	sigmacomputing.com
42287607	mode.com
42308950	sigmacomputing.com
42337572	hex.tech
42445253	sigmacomputing.com
42456180	mode.com
42462714	mode.com
42463556	mode.com
42467553	mode.com
42500989	mode.com
42511131	mode.com
42512670	mode.com
42513077	sigmacomputing.com
42522105	lightdash.com
42619330	mode.com
42699267	hex.tech
42726157	hex.tech
42731523	sigmacomputing.com
42745624	mode.com
42746763	mode.com
42746763	sigmacomputing.com
42746763	hex.tech
42787326	mode.com
42823551	mode.com
42851346	mode.com
43111079	sigmacomputing.com
43111079	hex.tech
43227245	sigmacomputing.com
43335579	lightdash.com
43478693	mode.com
43518756	sigmacomputing.com
43521546	sigmacomputing.com
43524392	sigmacomputing.com
43747158	mode.com
43776789	hex.tech
43868769	mode.com
44122632	sigmacomputing.com
44132994	sigmacomputing.com
44225319	mode.com
44227348	hex.tech
44260191	hex.tech
44456393	omni.co
44456393	mode.com
44456393	sigmacomputing.com
44456393	hex.tech
44661414	lightdash.com
44736587	mode.com
44768863	mode.com
44985737	sigmacomputing.com
45052208	lightdash.com
45052208	sigmacomputing.com
45198151	sigmacomputing.com
45220805	mode.com
45238591	hex.tech
45346624	omni.co
45390570	mode.com
45512190	mode.com
45574705	mode.com
45575396	hex.tech
45751485	mode.com
45936187	sigmacomputing.com
45945755	lightdash.com
45945755	hex.tech
46095164	hex.tech
46177141	mode.com
46177975	omni.co
46209940	sigmacomputing.com
46239065	mode.com
46364272	hex.tech
46613574	hex.tech
46616883	sigmacomputing.com
46753769	mode.com
46940271	mode.com
46953425	sigmacomputing.com
46999703	mode.com
47255108	mode.com
47267174	mode.com
47267523	lightdash.com
47280790	mode.com
47285564	hex.tech
47540107	mode.com
47542642	sigmacomputing.com
47542691	hex.tech
47685115	sigmacomputing.com
47827350	sigmacomputing.com
47830290	sigmacomputing.com
47871861	sigmacomputing.com
47893695	mode.com
48064518	sigmacomputing.com
48164698	mode.com
48164850	mode.com
48170251	mode.com
48177911	mode.com
48177929	omni.co
48177929	mode.com
48177929	hex.tech
48318837	hex.tech
48335015	lightdash.com
48383613	mode.com
48440617	mode.com
48531390	mode.com
48579863	lightdash.com
48592226	hex.tech
48607140	mode.com
48698311	mode.com
48954791	sigmacomputing.com
48958020	mode.com
48965578	sigmacomputing.com
48980358	hex.tech
48984332	sigmacomputing.com
49027439	hex.tech
49060682	hex.tech
49102457	mode.com
49266432	mode.com
49360654	hex.tech
49367740	hex.tech
49451851	hex.tech
49455507	mode.com
49455507	hex.tech
49557271	hex.tech
49586527	sigmacomputing.com
49610680	lightdash.com
49616481	sigmacomputing.com
49761537	mode.com
49847602	mode.com
49853580	mode.com
49974211	mode.com
50174380	omni.co
50174380	lightdash.com
50174380	sigmacomputing.com
50174380	hex.tech
50177941	sigmacomputing.com
50179607	lightdash.com
50179607	hex.tech
50396399	mode.com
50399652	sigmacomputing.com
50446465	mode.com
50448482	sigmacomputing.com
50470338	mode.com
50544702	mode.com
50628257	sigmacomputing.com
50700344	mode.com
50720795	mode.com
50766908	mode.com
50792855	mode.com
50805095	hex.tech
50821494	omni.co
50949617	mode.com
50979646	mode.com
50982653	sigmacomputing.com
50983313	mode.com
50986609	hex.tech
51002309	mode.com
51051038	sigmacomputing.com
51051208	mode.com
51051321	sigmacomputing.com
51127167	mode.com
51170203	mode.com
51208099	hex.tech
51223973	sigmacomputing.com
51256619	hex.tech
51260402	lightdash.com
51260402	mode.com
51260402	hex.tech
51265677	mode.com
51320602	mode.com
51482976	sigmacomputing.com
51491976	lightdash.com
51493066	lightdash.com
51493228	lightdash.com
51514591	mode.com
51532356	mode.com
51691770	mode.com
51726919	lightdash.com
51726919	mode.com
51728393	omni.co
51746427	mode.com
51754563	mode.com
51759228	omni.co
51767986	mode.com
51807718	omni.co
51814542	hex.tech
51853113	mode.com
51891671	mode.com
51898089	hex.tech
51904599	mode.com
51909020	mode.com
51933390	sigmacomputing.com
51953546	sigmacomputing.com
51978730	mode.com
52020317	mode.com
52055358	sigmacomputing.com
52059051	mode.com
52059051	hex.tech
52061556	hex.tech
52117467	mode.com
52119015	mode.com
52120993	hex.tech
52131745	mode.com
52207256	sigmacomputing.com
52281331	hex.tech
52330530	mode.com
52384796	mode.com
52482246	sigmacomputing.com
52491566	mode.com
52544005	mode.com
52551169	hex.tech
52570670	hex.tech
52579599	mode.com
52607673	mode.com
52608297	hex.tech
52614439	mode.com
52671318	mode.com
52743267	sigmacomputing.com
52743267	hex.tech
52758268	lightdash.com
52758268	mode.com
52758268	sigmacomputing.com
52758268	hex.tech
52777628	hex.tech
52787943	lightdash.com
52808554	mode.com
52808554	sigmacomputing.com
52855020	lightdash.com
52883365	mode.com
52887947	lightdash.com
52888693	omni.co
52888693	mode.com
52888693	sigmacomputing.com
52888693	hex.tech
52976091	hex.tech
52977104	mode.com
53035974	mode.com
53054469	mode.com
53167672	sigmacomputing.com
53245733	mode.com
53246603	sigmacomputing.com
53250311	mode.com
53250682	hex.tech
53349352	sigmacomputing.com
53418978	hex.tech
53507061	mode.com
53567640	mode.com
53720797	hex.tech
53720879	omni.co
53720879	sigmacomputing.com
53720879	hex.tech
53759110	mode.com
53779366	sigmacomputing.com
53805068	mode.com
53831443	sigmacomputing.com
53844054	mode.com
53893341	omni.co
53924657	sigmacomputing.com
53944955	mode.com
53972463	mode.com
53972463	sigmacomputing.com
53972940	mode.com
53972940	hex.tech
53993795	mode.com
53993795	hex.tech
54018332	mode.com
54024614	hex.tech
54042427	mode.com
54079369	hex.tech
54111240	mode.com
54112598	hex.tech
54134933	sigmacomputing.com
54148732	mode.com
54155999	sigmacomputing.com
54163204	hex.tech
54170869	hex.tech
54214403	mode.com
54243745	mode.com
54271589	mode.com
54296999	hex.tech
54335329	mode.com
54448422	mode.com
54465975	mode.com
54465975	sigmacomputing.com
54466578	lightdash.com
54535973	hex.tech
54861078	hex.tech
54970355	mode.com
54970355	hex.tech
54992178	hex.tech
54994417	sigmacomputing.com
55020821	mode.com
55031661	hex.tech
55058348	mode.com
55070171	mode.com
55078296	sigmacomputing.com
55080739	mode.com
55151310	mode.com
55223620	mode.com
55267672	mode.com
55289878	mode.com
55293820	hex.tech
55313386	mode.com
55346964	omni.co
55346964	sigmacomputing.com
55437044	sigmacomputing.com
55453374	omni.co
55472973	mode.com
55479370	mode.com
55509909	mode.com
55510877	hex.tech
55511061	sigmacomputing.com
55514875	sigmacomputing.com
55524056	sigmacomputing.com
55594583	sigmacomputing.com
55620459	sigmacomputing.com
55635134	hex.tech
55643145	mode.com
55645940	hex.tech
55656894	hex.tech
55659387	mode.com
55686384	mode.com
55708983	hex.tech
55738109	mode.com
55803661	mode.com
55837128	mode.com
55838341	sigmacomputing.com
55865481	sigmacomputing.com
55932412	mode.com
55949492	lightdash.com
55950084	sigmacomputing.com
55960782	mode.com
55988258	sigmacomputing.com
55992206	omni.co
56054644	omni.co
56079728	sigmacomputing.com
56079729	sigmacomputing.com
56131757	lightdash.com
56214682	mode.com
56216941	hex.tech
56265431	hex.tech
56344462	mode.com
56347778	sigmacomputing.com
56448897	mode.com
56448897	hex.tech
56590616	mode.com
56612523	hex.tech
56621326	lightdash.com
56621326	sigmacomputing.com
56621326	hex.tech
56635666	hex.tech
56729738	sigmacomputing.com
56757496	sigmacomputing.com
57035226	sigmacomputing.com
57185892	mode.com
57352420	hex.tech
57365509	lightdash.com
57365509	mode.com
57365509	sigmacomputing.com
57365509	hex.tech
57366965	hex.tech
57381047	hex.tech
57402229	mode.com
57402229	hex.tech
57403021	mode.com
57424765	omni.co
57592164	mode.com
57607161	mode.com
57607301	hex.tech
57650302	sigmacomputing.com
57680660	mode.com
57698513	hex.tech
57817962	mode.com
57864476	hex.tech
57898472	sigmacomputing.com
57937917	sigmacomputing.com
57938716	mode.com
57966677	mode.com
58018353	mode.com
58018353	sigmacomputing.com
58048710	sigmacomputing.com
58082551	hex.tech
58114143	hex.tech
58175258	sigmacomputing.com
58177607	mode.com
58189068	sigmacomputing.com
58305649	sigmacomputing.com
58377850	mode.com
58380335	mode.com
58439512	mode.com
58439512	sigmacomputing.com
58439512	hex.tech
58468529	mode.com
58477591	sigmacomputing.com
58501272	sigmacomputing.com
58502154	sigmacomputing.com
58522835	mode.com
58542071	mode.com
58544323	mode.com
58596667	sigmacomputing.com
58685861	hex.tech
58686206	hex.tech
58723834	sigmacomputing.com
58747542	lightdash.com
58747542	sigmacomputing.com
58747542	hex.tech
58880610	hex.tech
58916089	sigmacomputing.com
58924139	mode.com
58924139	hex.tech
58930223	mode.com
58944065	mode.com
59016979	hex.tech
59017588	hex.tech
59076945	sigmacomputing.com
59077548	omni.co
59077548	hex.tech
59121077	mode.com
59222975	mode.com
59239856	sigmacomputing.com
59240887	mode.com
59241872	sigmacomputing.com
59242389	mode.com
59256029	mode.com
59271058	mode.com
59310267	lightdash.com
59314051	hex.tech
59319030	hex.tech
59366482	hex.tech
59423911	hex.tech
59440568	hex.tech
59446848	sigmacomputing.com
59451732	sigmacomputing.com
59454878	hex.tech
59475524	sigmacomputing.com
59481359	mode.com
59623478	sigmacomputing.com
59632450	hex.tech
59632476	omni.co
59640616	sigmacomputing.com
59644923	sigmacomputing.com
59674385	mode.com
59674385	sigmacomputing.com
59690603	lightdash.com
59690603	hex.tech
59706696	hex.tech
59796029	mode.com
59828179	sigmacomputing.com
59858283	mode.com
59924121	mode.com
59925556	lightdash.com
59925556	sigmacomputing.com
60063825	sigmacomputing.com
60072639	omni.co
60072639	mode.com
60072639	sigmacomputing.com
60153232	mode.com
60153232	sigmacomputing.com
60186498	mode.com
60188053	mode.com
60188053	sigmacomputing.com
60188053	hex.tech
60212163	mode.com
60222487	lightdash.com
60264497	sigmacomputing.com
60351655	mode.com
60351668	omni.co
60351668	mode.com
60351668	sigmacomputing.com
60351668	hex.tech
60351814	mode.com
60351814	hex.tech
60352066	sigmacomputing.com
60352212	hex.tech
60352488	mode.com
60352488	hex.tech
60352627	sigmacomputing.com
60379529	mode.com
60379529	sigmacomputing.com
60439266	mode.com
60520483	mode.com
60523843	omni.co
60524061	mode.com
60586369	mode.com
60591416	mode.com
60597825	mode.com
60646474	mode.com
60818727	mode.com
60846269	mode.com
60846269	hex.tech
60870478	hex.tech
60872115	mode.com
60897084	sigmacomputing.com
60899397	mode.com
60917759	lightdash.com
60917759	mode.com
60917759	sigmacomputing.com
60917759	hex.tech
60929273	hex.tech
60930591	sigmacomputing.com
60969773	omni.co
61011996	sigmacomputing.com
61014442	mode.com
61028761	sigmacomputing.com
61079100	mode.com
61167511	mode.com
61236603	sigmacomputing.com
61263207	hex.tech
61304788	hex.tech
61307377	sigmacomputing.com
61339593	mode.com
61359683	hex.tech
61369357	mode.com
61377449	sigmacomputing.com
61418001	mode.com
61418630	hex.tech
61463543	mode.com
61548789	mode.com
61651313	sigmacomputing.com
61671823	mode.com
61693601	omni.co
61693601	sigmacomputing.com
61707899	mode.com
61747974	mode.com
61767725	sigmacomputing.com
61811959	hex.tech
61922496	omni.co
61950983	mode.com
62000881	mode.com
62023694	omni.co
62047447	sigmacomputing.com
62058258	mode.com
62058258	hex.tech
62068244	hex.tech
62098920	lightdash.com
62098920	sigmacomputing.com
62100825	mode.com
62100825	sigmacomputing.com
62141322	hex.tech
62145923	mode.com
62160921	hex.tech
62166951	hex.tech
62340415	mode.com
62434200	sigmacomputing.com
62446223	sigmacomputing.com
62448804	sigmacomputing.com
62478457	omni.co
62484815	omni.co
62484815	hex.tech
62494993	sigmacomputing.com
62496102	hex.tech
62498657	mode.com
62526349	sigmacomputing.com
62531741	mode.com
62531859	mode.com
62538498	lightdash.com
62538498	hex.tech
62595173	hex.tech
62598577	mode.com
62630099	omni.co
62630099	mode.com
62630099	sigmacomputing.com
62630099	hex.tech
62632219	hex.tech
62686629	omni.co
62703374	mode.com
62713589	sigmacomputing.com
62714908	hex.tech
62797572	hex.tech
62800422	mode.com
62800422	sigmacomputing.com
62807128	mode.com
62807128	hex.tech
62844141	mode.com
62947094	mode.com
63059917	mode.com
63114144	sigmacomputing.com
63149084	sigmacomputing.com
63209125	hex.tech
63220547	hex.tech
63236704	sigmacomputing.com
63254929	mode.com
63270054	mode.com
63270235	omni.co
63270708	mode.com
63324822	mode.com
63324822	sigmacomputing.com
63344974	hex.tech
63347499	mode.com
63427134	mode.com
63433202	lightdash.com
63433202	sigmacomputing.com
63433202	hex.tech
63433418	omni.co
63433418	lightdash.com
63434457	omni.co
63434689	mode.com
63434689	sigmacomputing.com
63434689	hex.tech
63434691	sigmacomputing.com
63434691	hex.tech
63434773	lightdash.com
63445775	hex.tech
63454623	mode.com
63454805	mode.com
63454805	sigmacomputing.com
63454805	hex.tech
63455862	lightdash.com
63455862	sigmacomputing.com
63456336	lightdash.com
63456336	mode.com
63456336	sigmacomputing.com
63456336	hex.tech
63596242	mode.com
63708184	mode.com
63713119	sigmacomputing.com
63719493	mode.com
63719493	sigmacomputing.com
63719493	hex.tech
63748714	hex.tech
63811128	sigmacomputing.com
63831624	mode.com
63837900	sigmacomputing.com
63846581	mode.com
63879581	mode.com
63880504	omni.co
63880504	lightdash.com
63880504	mode.com
63880504	sigmacomputing.com
63880504	hex.tech
64048167	hex.tech
64055027	omni.co
64055027	hex.tech
64060931	mode.com
64067954	mode.com
64076056	sigmacomputing.com
64079083	sigmacomputing.com
64087791	sigmacomputing.com
64101298	omni.co
64103908	hex.tech
64121217	sigmacomputing.com
64140613	sigmacomputing.com
64199265	sigmacomputing.com
64220154	omni.co
64252742	mode.com
64267122	sigmacomputing.com
64330959	sigmacomputing.com
64365109	hex.tech
64367597	mode.com
64378366	sigmacomputing.com
64488721	sigmacomputing.com
64516298	hex.tech
64558424	mode.com
64579851	mode.com
64606981	omni.co
64624303	omni.co
64624303	sigmacomputing.com
64630944	mode.com
64633430	lightdash.com
64656143	hex.tech
64690432	hex.tech
64717434	hex.tech
64720783	sigmacomputing.com
64858145	mode.com
64861548	mode.com
64879117	mode.com
64881850	omni.co
64883515	sigmacomputing.com
64886237	sigmacomputing.com
64889424	hex.tech
64890441	omni.co
64890441	sigmacomputing.com
64892057	mode.com
64893371	sigmacomputing.com
64895030	mode.com
64897079	hex.tech
64914652	hex.tech
64917734	hex.tech
64922967	hex.tech
64923728	sigmacomputing.com
64923973	omni.co
64925359	mode.com
64947913	lightdash.com
64947913	mode.com
64962473	sigmacomputing.com
65002789	hex.tech
65004282	sigmacomputing.com
65004282	hex.tech
65005013	sigmacomputing.com
65005013	hex.tech
65107626	mode.com
65122954	mode.com
65179272	mode.com
65218939	mode.com
65222818	lightdash.com
65227223	mode.com
65227223	hex.tech
65272131	hex.tech
65272183	hex.tech
65280471	mode.com
65305012	hex.tech
65371432	hex.tech
65401433	sigmacomputing.com
65435506	mode.com
65442594	mode.com
65455642	sigmacomputing.com
65455875	sigmacomputing.com
65459193	mode.com
65467478	sigmacomputing.com
65481750	sigmacomputing.com
65532662	mode.com
65558444	mode.com
65595634	mode.com
65602500	mode.com
65617447	sigmacomputing.com
65622886	mode.com
65655143	mode.com
65690689	mode.com
65691378	mode.com
65726911	mode.com
65764507	mode.com
65802254	mode.com
65813402	mode.com
65813402	hex.tech
65849618	sigmacomputing.com
65852708	omni.co
65884167	mode.com
65890333	hex.tech
65903645	mode.com
65949096	mode.com
65973407	omni.co
65973407	sigmacomputing.com
65973407	hex.tech
65986262	hex.tech
65993476	omni.co
65996215	sigmacomputing.com
66007107	lightdash.com
66062211	mode.com
66062351	sigmacomputing.com
66095105	hex.tech
66102197	omni.co
66188484	mode.com
66207238	mode.com
66213443	sigmacomputing.com
66220698	sigmacomputing.com
66242969	sigmacomputing.com
66248091	mode.com
66264347	mode.com
66268667	sigmacomputing.com
66345287	mode.com
66393276	sigmacomputing.com
66414826	omni.co
66426729	mode.com
66438369	mode.com
66454268	hex.tech
66480802	mode.com
66567140	hex.tech
66568310	hex.tech
66572941	mode.com
66580431	omni.co
66580431	lightdash.com
66580431	mode.com
66580431	sigmacomputing.com
66580431	hex.tech
66595578	hex.tech
66656764	omni.co
66656764	hex.tech
66676714	hex.tech
66690692	mode.com
66690692	hex.tech
66692384	lightdash.com
66692384	mode.com
66692384	hex.tech
66694067	hex.tech
66711164	hex.tech
66711600	mode.com
66718767	sigmacomputing.com
66721800	sigmacomputing.com
66729873	hex.tech
66764760	sigmacomputing.com
66769676	sigmacomputing.com
66833844	lightdash.com
66915156	hex.tech
66988379	hex.tech
67033041	mode.com
67052705	lightdash.com
67062354	sigmacomputing.com
67084609	mode.com
67085624	lightdash.com
67085624	hex.tech
67090473	omni.co
67138622	hex.tech
67157939	sigmacomputing.com
67163276	sigmacomputing.com
67163276	hex.tech
67179852	hex.tech
67238293	mode.com
67260262	omni.co
67276203	hex.tech
67278438	hex.tech
67279867	lightdash.com
67289801	hex.tech
67468565	sigmacomputing.com
67483586	hex.tech
67487907	omni.co
67504765	mode.com
67655385	lightdash.com
67689271	mode.com
67748780	sigmacomputing.com
67753686	hex.tech
67802073	lightdash.com
67843998	omni.co
67861242	sigmacomputing.com
67865905	hex.tech
67878122	mode.com
67881847	omni.co
67881847	mode.com
67881847	sigmacomputing.com
67881847	hex.tech
67884818	lightdash.com
67884818	sigmacomputing.com
67894591	lightdash.com
67894591	mode.com
67894591	hex.tech
67907315	mode.com
67916785	mode.com
67935373	mode.com
67982677	omni.co
67988513	hex.tech
67990360	sigmacomputing.com
67992005	lightdash.com
67992005	hex.tech
67993009	mode.com
67993080	mode.com
67994404	hex.tech
68057029	hex.tech
68069509	lightdash.com
68073234	sigmacomputing.com
68143692	sigmacomputing.com
68236317	sigmacomputing.com
68252693	hex.tech
68267749	mode.com
68273264	mode.com
68276561	lightdash.com
68288322	mode.com
68289504	mode.com
68318740	mode.com
68318740	hex.tech
68335040	hex.tech
68357767	sigmacomputing.com
68382423	sigmacomputing.com
68392358	mode.com
68392358	sigmacomputing.com
68402779	hex.tech
68450390	hex.tech
68455167	mode.com
68509827	hex.tech
68604480	omni.co
68604480	mode.com
68604480	sigmacomputing.com
68620887	mode.com
68630548	mode.com
68699685	sigmacomputing.com
68775834	sigmacomputing.com
68880365	sigmacomputing.com
68886086	mode.com
68933755	mode.com
68948922	mode.com
68984029	sigmacomputing.com
69003783	mode.com
69009333	mode.com
69026994	sigmacomputing.com
69168328	sigmacomputing.com
69168328	hex.tech
69175828	hex.tech
69183112	hex.tech
69223070	hex.tech
69264507	hex.tech
69268725	mode.com
69269646	sigmacomputing.com
69289156	sigmacomputing.com
69289412	omni.co
69289412	mode.com
69295064	mode.com
69295064	hex.tech
69296024	omni.co
69296024	mode.com
69304383	hex.tech
69381715	lightdash.com
69381715	mode.com
69381715	sigmacomputing.com
69385980	mode.com
69390425	mode.com
69391836	mode.com
69401508	hex.tech
69517825	hex.tech
69518332	lightdash.com
69518758	omni.co
69518758	mode.com
69518758	sigmacomputing.com
69518758	hex.tech
69531484	mode.com
69565684	mode.com
69574641	mode.com
69620733	hex.tech
69661807	mode.com
69673072	hex.tech
69722031	mode.com
69814993	sigmacomputing.com
69830927	hex.tech
69835382	mode.com
69835382	hex.tech
69839292	mode.com
69848761	hex.tech
69853911	mode.com
69922116	mode.com
69928024	mode.com
69991917	hex.tech
70003671	sigmacomputing.com
70014330	sigmacomputing.com
70014827	mode.com
70016925	omni.co
70016925	mode.com
70070328	sigmacomputing.com
70124315	sigmacomputing.com
70207493	sigmacomputing.com
70257925	hex.tech
70277031	mode.com
70277031	hex.tech
70308575	hex.tech
70502904	sigmacomputing.com
70546361	mode.com
70595394	mode.com
70703809	lightdash.com
70703809	mode.com
70703809	sigmacomputing.com
70703809	hex.tech
70703925	hex.tech
70749475	mode.com
70954723	hex.tech
70963368	sigmacomputing.com
70963368	hex.tech
71142696	sigmacomputing.com
71161337	mode.com
71166951	lightdash.com
71166951	mode.com
71173312	hex.tech
71182122	mode.com
71182180	omni.co
71249522	sigmacomputing.com
71335184	mode.com
71496987	hex.tech
71529778	mode.com
71529778	sigmacomputing.com
71607042	mode.com
71608192	hex.tech
71614600	mode.com
71627069	sigmacomputing.com
71633700	sigmacomputing.com
71862754	mode.com
71913109	mode.com
72490685	sigmacomputing.com
73041795	sigmacomputing.com
73228144	mode.com
73253265	mode.com
73384539	mode.com
73845398	lightdash.com
73846949	mode.com
74250913	mode.com
74592399	mode.com
74624281	hex.tech
74703237	sigmacomputing.com
74863883	lightdash.com
74863883	sigmacomputing.com
74863883	hex.tech
74865150	omni.co
74865150	hex.tech
75424976	mode.com
75568915	mode.com
75627993	lightdash.com
75690548	mode.com
75719955	mode.com
75724195	sigmacomputing.com
75933662	lightdash.com
76629968	mode.com
76656937	mode.com
76791999	mode.com
76807671	mode.com
77211888	mode.com
77492363	hex.tech
77493103	hex.tech
77496599	hex.tech
77506599	hex.tech
77527525	hex.tech
77532254	hex.tech
77542091	mode.com
77544353	mode.com
77549896	sigmacomputing.com
77552229	lightdash.com
77552229	sigmacomputing.com
77552229	hex.tech
77553069	hex.tech
77553518	omni.co
77553523	sigmacomputing.com
77553523	hex.tech
77556857	omni.co
77559914	omni.co
77560638	mode.com
77560820	mode.com
77560820	hex.tech
77561778	hex.tech
77562643	hex.tech
77569228	hex.tech
77570052	hex.tech
77578212	mode.com
77579941	hex.tech
77586558	hex.tech
77587433	hex.tech
77588115	hex.tech
77589555	sigmacomputing.com
77591368	hex.tech
77591461	mode.com
77591461	sigmacomputing.com
77591461	hex.tech
77594274	sigmacomputing.com
77595090	hex.tech
77599345	omni.co
77599345	lightdash.com
77599345	mode.com
77599345	sigmacomputing.com
77599345	hex.tech
77607165	hex.tech
77608637	mode.com
77609600	omni.co
77609600	lightdash.com
77609600	sigmacomputing.com
77616590	mode.com
77616590	hex.tech
77617359	mode.com
77618060	omni.co
77618060	mode.com
77618060	hex.tech
77619791	sigmacomputing.com
77624302	mode.com
77624302	hex.tech
77625591	hex.tech
77638619	hex.tech
77638717	omni.co
77638717	lightdash.com
77638717	mode.com
77638717	sigmacomputing.com
77638717	hex.tech
77648585	sigmacomputing.com
77650487	mode.com
77662149	sigmacomputing.com
77683818	hex.tech
77685823	mode.com
77685823	hex.tech
77686046	hex.tech
77686326	hex.tech
77689002	hex.tech
78112106	lightdash.com
78118160	mode.com
78177939	mode.com
78239198	hex.tech
78256632	mode.com
78277166	hex.tech
78278809	hex.tech
78279199	mode.com
78279199	hex.tech
78282796	mode.com
78284355	mode.com
78285112	sigmacomputing.com
78286103	sigmacomputing.com
78286620	mode.com
78287495	sigmacomputing.com
78291391	mode.com
78293314	mode.com
78294667	hex.tech
78302165	mode.com
78411401	lightdash.com
78411401	mode.com
78411401	hex.tech
78414173	mode.com
78528396	sigmacomputing.com
78634252	mode.com
78819648	mode.com
78843548	mode.com
78955480	sigmacomputing.com
78993147	lightdash.com
79034039	mode.com
79102705	hex.tech
79110922	mode.com
79123652	sigmacomputing.com
79324490	mode.com
79417535	sigmacomputing.com
79560761	mode.com
79611443	mode.com
79735041	mode.com
80070519	hex.tech
80172713	hex.tech
80215416	hex.tech
80218930	hex.tech
80245561	omni.co
80245760	mode.com
80245760	hex.tech
80253163	omni.co
80253163	lightdash.com
80253163	hex.tech
80253458	mode.com
80253458	hex.tech
80263715	omni.co
80266284	hex.tech
80268521	lightdash.com
80268521	hex.tech
80268581	mode.com
80268581	hex.tech
80481797	omni.co
80530882	omni.co
80530882	lightdash.com
80530882	hex.tech
80673219	omni.co
80709205	hex.tech
80748478	omni.co
80764995	sigmacomputing.com
80764995	hex.tech
80947507	mode.com
80962353	mode.com
81156055	hex.tech
81299592	mode.com
81496706	mode.com
81677788	mode.com
81684493	omni.co
81731539	hex.tech
81757857	mode.com
81798398	mode.com
81811059	lightdash.com
82036400	mode.com
82100679	hex.tech
82116523	mode.com
82118538	sigmacomputing.com
82118914	mode.com
82147511	lightdash.com
82151059	lightdash.com
82151059	hex.tech
82151173	mode.com
82151937	omni.co
82151937	lightdash.com
82151937	hex.tech
82214004	mode.com
82216634	hex.tech
82274266	sigmacomputing.com
82278520	sigmacomputing.com
82279776	sigmacomputing.com
82281966	sigmacomputing.com
82361855	hex.tech
82393712	mode.com
82457130	sigmacomputing.com
82601648	mode.com
82601648	sigmacomputing.com
82601648	hex.tech
82652884	hex.tech
82662011	omni.co
82662011	sigmacomputing.com
82665322	omni.co
82790043	sigmacomputing.com
82893152	sigmacomputing.com
82934018	mode.com
83258936	hex.tech
83290746	mode.com
83376415	mode.com
83382762	mode.com
83389432	mode.com
83419093	mode.com
83442889	sigmacomputing.com
83547949	sigmacomputing.com
83634805	mode.com
83752035	mode.com
83785997	mode.com
83787449	hex.tech
83788757	hex.tech
83868192	mode.com
83927190	mode.com
83946563	mode.com
83970395	sigmacomputing.com
84010623	sigmacomputing.com
84023628	mode.com
84034010	mode.com
84040666	mode.com
84062554	mode.com
84070320	hex.tech
84272198	mode.com
84276627	mode.com
84276628	mode.com
84278022	mode.com
84351307	mode.com
84353726	sigmacomputing.com
84378406	sigmacomputing.com
84445086	sigmacomputing.com
84641297	sigmacomputing.com
84833364	mode.com
84873934	hex.tech
84933078	sigmacomputing.com
85098093	mode.com
85149487	mode.com
85480172	mode.com
85588987	mode.com
85630209	sigmacomputing.com
85632663	mode.com
85633099	mode.com
85642026	hex.tech
85642723	lightdash.com
85642723	mode.com
85644325	sigmacomputing.com
85645402	lightdash.com
85651362	mode.com
85651607	omni.co
85651607	mode.com
85664962	hex.tech
85665169	lightdash.com
85665241	omni.co
85665241	sigmacomputing.com
85665241	hex.tech
85665415	sigmacomputing.com
85665415	hex.tech
85700429	sigmacomputing.com
85700429	hex.tech
85705089	sigmacomputing.com
85706223	mode.com
85709094	mode.com
85717808	sigmacomputing.com
85718853	mode.com
85718853	sigmacomputing.com
85727420	omni.co
85727420	mode.com
85727420	sigmacomputing.com
85727420	hex.tech
85727737	mode.com
85727737	sigmacomputing.com
85727737	hex.tech
85732333	sigmacomputing.com
85737491	mode.com
85748497	sigmacomputing.com
85748497	hex.tech
85748498	omni.co
85748498	sigmacomputing.com
85749067	mode.com
85750105	mode.com
85750193	mode.com
85750227	hex.tech
85750330	sigmacomputing.com
85750344	mode.com
85750450	sigmacomputing.com
85750524	mode.com
85750914	hex.tech
85754466	hex.tech
85758698	sigmacomputing.com
85764816	lightdash.com
85767711	lightdash.com
85768748	sigmacomputing.com
85769430	mode.com
85770321	mode.com
85776503	hex.tech
85779048	sigmacomputing.com
85779828	lightdash.com
85780277	omni.co
85780277	lightdash.com
85780576	sigmacomputing.com
85784626	sigmacomputing.com
85784626	hex.tech
85785088	mode.com
85785939	mode.com
85786593	lightdash.com
85787095	sigmacomputing.com
85792111	mode.com
85792807	mode.com
85793763	lightdash.com
85793763	mode.com
85793763	sigmacomputing.com
85793763	hex.tech
85794035	mode.com
85794035	sigmacomputing.com
85794035	hex.tech
85794122	lightdash.com
85794414	omni.co
85794482	omni.co
85794482	lightdash.com
85794482	sigmacomputing.com
85794482	hex.tech
85795225	omni.co
85795225	mode.com
85795225	hex.tech
85795757	mode.com
85795820	mode.com
85795879	lightdash.com
85795879	mode.com
85795879	sigmacomputing.com
85795879	hex.tech
85798444	mode.com
85800579	mode.com
85800579	sigmacomputing.com
85800579	hex.tech
85802613	mode.com
85803490	mode.com
85803953	sigmacomputing.com
85808590	omni.co
85809127	omni.co
85809127	lightdash.com
85809127	mode.com
85809127	sigmacomputing.com
85809127	hex.tech
85815980	omni.co
85815980	hex.tech
85818483	mode.com
85818483	sigmacomputing.com
85818743	mode.com
85825890	hex.tech
85826618	sigmacomputing.com
85826990	mode.com
85827028	mode.com
85827028	hex.tech
85827834	hex.tech
85828714	hex.tech
85829048	mode.com
85834014	sigmacomputing.com
85836007	hex.tech
85842831	sigmacomputing.com
85845465	sigmacomputing.com
85846936	lightdash.com
85847323	mode.com
85847667	sigmacomputing.com
85848140	sigmacomputing.com
85849062	mode.com
85852514	omni.co
85853578	hex.tech
85853809	omni.co
85853809	lightdash.com
85853809	mode.com
85853809	sigmacomputing.com
85853809	hex.tech
85854900	sigmacomputing.com
85855120	mode.com
85856354	sigmacomputing.com
85862854	hex.tech
85865635	mode.com
85865892	mode.com
85866014	mode.com
85868047	hex.tech
85872911	hex.tech
85875530	lightdash.com
85876052	mode.com
85876341	lightdash.com
85876341	sigmacomputing.com
85876341	hex.tech
85879570	omni.co
85879570	sigmacomputing.com
85879570	hex.tech
85881767	mode.com
85884301	hex.tech
85884648	lightdash.com
85884648	mode.com
85884648	sigmacomputing.com
85884648	hex.tech
85884968	lightdash.com
85886138	lightdash.com
85889754	mode.com
85890041	sigmacomputing.com
85892320	mode.com
85893569	sigmacomputing.com
85896911	sigmacomputing.com
85898939	omni.co
85899351	mode.com
85899351	hex.tech
85899935	hex.tech
85900842	mode.com
85902402	mode.com
85902402	sigmacomputing.com
85902402	hex.tech
85905544	mode.com
85905544	sigmacomputing.com
85915557	mode.com
85916670	sigmacomputing.com
85919606	hex.tech
85920436	mode.com
85921656	mode.com
85921776	sigmacomputing.com
85922548	sigmacomputing.com
85927333	omni.co
85927517	hex.tech
85927972	omni.co
85928203	lightdash.com
85928216	mode.com
85928216	hex.tech
85933341	sigmacomputing.com
85933794	omni.co
85933794	lightdash.com
85933794	mode.com
85934377	mode.com
85934923	lightdash.com
85937343	mode.com
85943866	hex.tech
85944846	hex.tech
85944872	mode.com
85944909	hex.tech
85945051	hex.tech
85945255	hex.tech
85947719	mode.com
85948094	omni.co
85948094	sigmacomputing.com
85960806	hex.tech
85962913	mode.com
85963709	omni.co
85963709	sigmacomputing.com
85967060	mode.com
85967554	mode.com
85967979	mode.com
85967979	hex.tech
85974081	lightdash.com
85974081	hex.tech
85974224	hex.tech
85974776	hex.tech
85976598	mode.com
85976598	sigmacomputing.com
85982525	mode.com
85982527	omni.co
85989950	mode.com
86039062	sigmacomputing.com
86172944	mode.com
86732534	mode.com
87106966	hex.tech
87532994	mode.com
87624316	hex.tech
87624569	omni.co
87624569	lightdash.com
87624569	mode.com
87624569	sigmacomputing.com
87624765	mode.com
87652483	hex.tech
87708667	sigmacomputing.com
87738501	omni.co
87738501	lightdash.com
87738501	mode.com
87738501	sigmacomputing.com
87738501	hex.tech
87764743	sigmacomputing.com
88013500	lightdash.com
88065136	lightdash.com
88083645	mode.com
88083645	hex.tech
88102658	hex.tech
88104649	mode.com
88479410	hex.tech
88490871	mode.com
88683652	mode.com
88848713	omni.co
88849960	mode.com
89060004	mode.com
89251593	mode.com
89569286	sigmacomputing.com
89569286	hex.tech
89589710	hex.tech
89664886	omni.co
89664886	mode.com
89989627	mode.com
90010404	sigmacomputing.com
90111830	mode.com
90157812	hex.tech
90188853	mode.com
90252561	hex.tech
90276242	sigmacomputing.com
90278881	mode.com
90282027	hex.tech
90309697	sigmacomputing.com
90310976	lightdash.com
90334811	sigmacomputing.com
90337220	mode.com
90454702	sigmacomputing.com
90458330	mode.com
90603535	mode.com
90610593	lightdash.com
90657560	mode.com
90850318	hex.tech
91055268	mode.com
91288804	omni.co
91310018	lightdash.com
91378976	sigmacomputing.com
91435651	omni.co
91663897	sigmacomputing.com
91754674	mode.com
91851022	mode.com
91873378	hex.tech
91881429	hex.tech
92013597	sigmacomputing.com
92116507	mode.com
92116507	sigmacomputing.com
92116507	hex.tech
92117624	sigmacomputing.com
92191684	sigmacomputing.com
92222141	hex.tech
92227460	mode.com
92227460	sigmacomputing.com
92238542	hex.tech
92552929	hex.tech
92620190	mode.com
92677781	mode.com
92688845	mode.com
92709040	hex.tech
92813292	sigmacomputing.com
92948701	hex.tech
93043313	sigmacomputing.com
93102838	mode.com
93334353	mode.com
93334353	sigmacomputing.com
93394540	mode.com
93414985	sigmacomputing.com
93557872	mode.com
93562819	hex.tech
93625219	mode.com
93703766	mode.com
93716826	mode.com
93741542	mode.com
93896749	mode.com
93963604	mode.com
93963604	hex.tech
93972011	hex.tech
94015330	mode.com
94022548	omni.co
94185567	mode.com
94256482	omni.co
94260760	mode.com
94330971	sigmacomputing.com
94331295	sigmacomputing.com
94463435	sigmacomputing.com
94598425	sigmacomputing.com
94610156	sigmacomputing.com
94641323	mode.com
94685672	omni.co
94685672	sigmacomputing.com
94846414	mode.com
94846414	hex.tech
94864974	hex.tech
94873743	lightdash.com
94873743	hex.tech
94883834	omni.co
94883834	sigmacomputing.com
94885578	mode.com
94934580	sigmacomputing.com
94943489	omni.co
94953349	mode.com
94954583	mode.com
95198890	hex.tech
95286201	mode.com
95287687	mode.com
95944203	mode.com
95947773	omni.co
96628573	sigmacomputing.com
96923364	mode.com
97000048	sigmacomputing.com
97020018	sigmacomputing.com
97020018	hex.tech
97020131	mode.com
97025732	hex.tech
97137696	sigmacomputing.com
97229244	sigmacomputing.com
97296794	hex.tech
97331977	hex.tech
97558848	mode.com
97839755	mode.com
97971221	hex.tech
98033239	hex.tech
98454381	mode.com
98454381	hex.tech
98783128	mode.com
98924663	sigmacomputing.com
98925275	sigmacomputing.com
98931984	mode.com
98931984	hex.tech
99001956	sigmacomputing.com
99094019	mode.com
99123005	omni.co
99123005	sigmacomputing.com
99128292	mode.com
99463465	hex.tech
99772942	sigmacomputing.com
99838355	hex.tech
100048344	sigmacomputing.com
100459718	mode.com
100643778	omni.co
100643778	sigmacomputing.com
100643778	hex.tech
100727607	sigmacomputing.com
100750549	mode.com
101039809	mode.com
101039809	hex.tech
101039829	mode.com
101111813	mode.com
101137359	mode.com
101154018	hex.tech
101232432	mode.com
101232432	hex.tech
101305735	sigmacomputing.com
101314221	mode.com
101319167	hex.tech
101621009	sigmacomputing.com
101697361	mode.com
101706530	omni.co
101766539	hex.tech
101847671	lightdash.com
101847671	mode.com
101847671	sigmacomputing.com
102035582	sigmacomputing.com
102265875	hex.tech
102278235	mode.com
102340422	sigmacomputing.com
102345024	sigmacomputing.com
102354343	mode.com
102354521	mode.com
102402410	sigmacomputing.com
102501722	mode.com
102535921	mode.com
102719115	mode.com
102865199	lightdash.com
102870132	omni.co
103003125	sigmacomputing.com
103009696	sigmacomputing.com
103083517	hex.tech
103111095	mode.com
103183509	hex.tech
103252648	mode.com
103252648	sigmacomputing.com
103252648	hex.tech
103252792	omni.co
103252792	sigmacomputing.com
103409434	mode.com
103471113	sigmacomputing.com
103547548	hex.tech
103548069	hex.tech
103548810	mode.com
103806309	hex.tech
103822641	mode.com
103846818	mode.com
103991179	mode.com
104115002	hex.tech
104135846	sigmacomputing.com
104137459	sigmacomputing.com
104143502	sigmacomputing.com
104143599	hex.tech
104167026	hex.tech
104385320	sigmacomputing.com
104484981	sigmacomputing.com
104486356	sigmacomputing.com
104541407	hex.tech
104573570	sigmacomputing.com
104577807	mode.com
104577807	sigmacomputing.com
104578413	mode.com
104602115	mode.com
104620141	mode.com
104620141	sigmacomputing.com
104620141	hex.tech
104642854	mode.com
104646037	sigmacomputing.com
104666490	hex.tech
104742693	hex.tech
104750365	mode.com
104774415	mode.com
104866648	sigmacomputing.com
104936830	lightdash.com
105123434	lightdash.com
105602325	omni.co
105679878	hex.tech
106447745	sigmacomputing.com
106490796	mode.com
106685696	hex.tech
106913578	mode.com
107041456	mode.com
107092988	lightdash.com
107342378	lightdash.com
107363442	mode.com
107364370	hex.tech
107438408	hex.tech
107801112	sigmacomputing.com
107848189	lightdash.com
107957115	sigmacomputing.com
108096092	lightdash.com
108182612	hex.tech
108339962	mode.com
108375622	mode.com
108582794	mode.com
108620990	mode.com
108661124	hex.tech
108881886	mode.com
109101955	mode.com
109178265	omni.co
109372109	omni.co
109437201	mode.com
109752798	lightdash.com
109752798	mode.com
109752798	sigmacomputing.com
109752798	hex.tech
109812217	hex.tech
109845255	omni.co
109975511	omni.co
110084361	hex.tech
110268347	mode.com
110268347	sigmacomputing.com
110268347	hex.tech
110480273	lightdash.com
110487355	hex.tech
110496197	mode.com
110497940	hex.tech
110536476	hex.tech
110570221	sigmacomputing.com
110570434	hex.tech
110570435	mode.com
110570435	hex.tech
110570802	omni.co
110570802	lightdash.com
110570802	mode.com
110570802	sigmacomputing.com
110570802	hex.tech
111012848	lightdash.com
111124678	omni.co
111202082	sigmacomputing.com
111215622	mode.com
111333183	hex.tech
111360328	hex.tech
111571360	hex.tech
111588210	omni.co
111609023	omni.co
111609023	lightdash.com
111609023	mode.com
111609023	hex.tech
111696227	omni.co
111837861	mode.com
111925606	hex.tech
111925657	hex.tech
111927115	hex.tech
111934898	hex.tech
111934952	hex.tech
111956438	hex.tech
111957427	mode.com
111957933	omni.co
111979010	omni.co
112060617	hex.tech
112063478	lightdash.com
112066859	mode.com
112068431	hex.tech
112080723	lightdash.com
112097672	mode.com
112527149	mode.com
112566002	hex.tech
112595598	hex.tech
112638724	lightdash.com
112643576	mode.com
112649210	lightdash.com
112649875	hex.tech
112651777	mode.com
112653364	mode.com
112665656	lightdash.com
112665656	mode.com
112665656	sigmacomputing.com
112665656	hex.tech
112679031	sigmacomputing.com
112685679	hex.tech
112691419	hex.tech
112710723	hex.tech
112711013	hex.tech
112713029	lightdash.com
112713029	mode.com
112713029	sigmacomputing.com
112713029	hex.tech
112728532	sigmacomputing.com
112729160	hex.tech
112788980	hex.tech
112912083	omni.co
112912083	lightdash.com
112912083	mode.com
112912083	sigmacomputing.com
112912083	hex.tech
112920330	lightdash.com
112920331	lightdash.com
112921718	mode.com
112973066	mode.com
113015941	hex.tech
113020414	hex.tech
113021177	mode.com
113363862	hex.tech
113585118	omni.co
113706396	lightdash.com
113769640	omni.co
114111795	hex.tech
114124828	hex.tech
114157683	hex.tech
114240873	omni.co
114301609	mode.com
114311543	mode.com
114508036	mode.com
114619643	mode.com
114642337	mode.com
114667511	sigmacomputing.com
114746717	mode.com
114930781	sigmacomputing.com
114977765	mode.com
115016720	sigmacomputing.com
115182256	mode.com
115182256	hex.tech
115183187	sigmacomputing.com
115549802	omni.co
115811176	mode.com
116235666	sigmacomputing.com
116415217	sigmacomputing.com
116531169	omni.co
116531169	hex.tech
116716589	mode.com
116766330	mode.com
116803775	sigmacomputing.com
116838909	mode.com
117098271	sigmacomputing.com
117148516	lightdash.com
117173847	mode.com
117180737	omni.co
117180737	sigmacomputing.com
117380083	mode.com
117434210	mode.com
117450138	mode.com
117601455	sigmacomputing.com
117629423	lightdash.com
117629423	mode.com
117905333	omni.co
117942141	omni.co
118018609	omni.co
118018609	hex.tech
118048886	mode.com
118048886	sigmacomputing.com
118110750	sigmacomputing.com
118115890	mode.com
118132668	mode.com
118132668	sigmacomputing.com
118321589	hex.tech
118409989	mode.com
118409989	hex.tech
118415338	sigmacomputing.com
118416433	omni.co
118416568	lightdash.com
118416745	omni.co
118416745	hex.tech
118418063	omni.co
118418063	mode.com
118418063	hex.tech
118418096	hex.tech
118418279	hex.tech
118454711	mode.com
119017648	mode.com
119064949	lightdash.com
119110704	hex.tech
119207577	hex.tech
119211737	mode.com
119237608	sigmacomputing.com
119510714	hex.tech
119917152	hex.tech
119917162	hex.tech
119933316	hex.tech
119998221	hex.tech
120115910	hex.tech
120148741	hex.tech
120209426	hex.tech
120330102	omni.co
120330102	mode.com
120330102	sigmacomputing.com
120330102	hex.tech
120348596	sigmacomputing.com
120395633	mode.com
120451468	omni.co
120451468	mode.com
120451468	sigmacomputing.com
120451468	hex.tech
120516360	mode.com
120517682	lightdash.com
120517682	mode.com
120544088	omni.co
120544088	mode.com
120544088	sigmacomputing.com
120544088	hex.tech
120552192	hex.tech
120554175	omni.co
120554175	sigmacomputing.com
120554175	hex.tech
120556440	hex.tech
120573985	mode.com
120577938	omni.co
120577938	mode.com
120577938	sigmacomputing.com
120577938	hex.tech
120581774	omni.co
120581774	mode.com
120581774	sigmacomputing.com
120581774	hex.tech
120606403	omni.co
120621639	lightdash.com
120634827	omni.co
120640017	omni.co
120640017	mode.com
120640017	sigmacomputing.com
120640017	hex.tech
120641240	hex.tech
120653623	hex.tech
120662474	hex.tech
120663072	omni.co
120663072	mode.com
120663072	sigmacomputing.com
120663072	hex.tech
120677593	omni.co
120677593	mode.com
120677593	sigmacomputing.com
120677593	hex.tech
120684617	hex.tech
120703027	omni.co
120703027	sigmacomputing.com
120703027	hex.tech
120887154	mode.com
121083581	hex.tech
