127655	hex.tech
132355	lightdash.com
133329	omni.co
133329	mode.com
141050	mode.com
151846	mode.com
155182	mode.com
156676	hex.tech
157371	sigmacomputing.com
158631	sigmacomputing.com
160005	sigmacomputing.com
162508	hex.tech
162621	hex.tech
163676	hex.tech
163779	hex.tech
165206	sigmacomputing.com
167613	mode.com
168321	hex.tech
170696	mode.com
172167	hex.tech
172191	mode.com
174459	hex.tech
174883	mode.com
176658	mode.com
176658	sigmacomputing.com
180219	lightdash.com
180219	mode.com
180463	sigmacomputing.com
180463	hex.tech
181029	hex.tech
181232	sigmacomputing.com
182116	lightdash.com
182116	hex.tech
184253	hex.tech
185723	sigmacomputing.com
185723	hex.tech
186104	mode.com
188769	omni.co
189837	mode.com
189845	mode.com
192780	mode.com
193743	mode.com
195289	hex.tech
195633	omni.co
195633	sigmacomputing.com
198568	omni.co
198568	sigmacomputing.com
198568	hex.tech
198851	lightdash.com
198851	hex.tech
199548	lightdash.com
199768	omni.co
199768	mode.com
199768	sigmacomputing.com
199768	hex.tech
201292	sigmacomputing.com
201292	hex.tech
201377	hex.tech
201946	hex.tech
202724	mode.com
202724	hex.tech
203872	mode.com
204047	mode.com
204047	hex.tech
204295	mode.com
204779	mode.com
204779	hex.tech
207654	omni.co
207654	mode.com
207654	sigmacomputing.com
208347	hex.tech
209668	lightdash.com
209668	mode.com
209668	hex.tech
209799	omni.co
209799	sigmacomputing.com
210375	sigmacomputing.com
211984	sigmacomputing.com
212850	mode.com
213583	mode.com
213583	hex.tech
214339	lightdash.com
216435	hex.tech
217604	sigmacomputing.com
217877	omni.co
220816	mode.com
220816	sigmacomputing.com
220816	hex.tech
222755	omni.co
224332	mode.com
224704	sigmacomputing.com
224886	sigmacomputing.com
225401	sigmacomputing.com
230230	sigmacomputing.com
231023	mode.com
231247	mode.com
231603	sigmacomputing.com
233174	mode.com
233174	hex.tech
233882	sigmacomputing.com
236552	hex.tech
236885	hex.tech
237261	lightdash.com
238746	omni.co
241211	hex.tech
242362	omni.co
242362	lightdash.com
242362	mode.com
242362	sigmacomputing.com
242362	hex.tech
242910	sigmacomputing.com
243235	hex.tech
243540	hex.tech
243935	sigmacomputing.com
244487	hex.tech
246417	hex.tech
246840	lightdash.com
248405	hex.tech
248520	omni.co
248520	hex.tech
249210	mode.com
251446	hex.tech
251779	hex.tech
251910	sigmacomputing.com
254585	hex.tech
256805	omni.co
256805	lightdash.com
256805	mode.com
256805	sigmacomputing.com
256805	hex.tech
260511	hex.tech
263046	omni.co
268254	hex.tech
268328	lightdash.com
268393	hex.tech
268709	hex.tech
271976	hex.tech
273449	lightdash.com
274066	mode.com
274066	sigmacomputing.com
274066	hex.tech
275093	omni.co
275093	lightdash.com
275093	sigmacomputing.com
275093	hex.tech
277370	sigmacomputing.com
277528	hex.tech
277701	omni.co
277701	hex.tech
279457	hex.tech
279486	sigmacomputing.com
279636	lightdash.com
281805	mode.com
281805	hex.tech
281839	hex.tech
281855	lightdash.com
285544	mode.com
285998	omni.co
285998	lightdash.com
285998	mode.com
285998	sigmacomputing.com
286313	mode.com
286313	sigmacomputing.com
286313	hex.tech
286389	omni.co
286389	mode.com
286389	sigmacomputing.com
286910	sigmacomputing.com
290984	hex.tech
291133	omni.co
292149	sigmacomputing.com
293866	omni.co
294196	sigmacomputing.com
297484	sigmacomputing.com
297770	sigmacomputing.com
320031	mode.com
394540	mode.com
394540	sigmacomputing.com
427078	lightdash.com
434328	omni.co
434328	lightdash.com
434328	sigmacomputing.com
434328	hex.tech
440293	mode.com
440293	hex.tech
461509	hex.tech
466570	hex.tech
474769	sigmacomputing.com
478378	hex.tech
482826	hex.tech
486639	hex.tech
492815	mode.com
502752	lightdash.com
502839	mode.com
530111	hex.tech
548811	lightdash.com
548811	hex.tech
553190	mode.com
975867	mode.com
1032974	mode.com
1085976	mode.com
1468255	mode.com
1529633	mode.com
1566924	mode.com
1843532	sigmacomputing.com
2595345	mode.com
2906785	sigmacomputing.com
3278488	mode.com
3319646	mode.com
3344645	hex.tech
3549368	mode.com
3561410	hex.tech
3710860	sigmacomputing.com
3746840	mode.com
3746840	hex.tech
4070307	hex.tech
4199368	mode.com
4207858	sigmacomputing.com
4350421	sigmacomputing.com
4356358	sigmacomputing.com
4498424	mode.com
4565940	mode.com
4607298	omni.co
4662326	sigmacomputing.com
4808472	hex.tech
5154180	hex.tech
5260991	mode.com
5510708	omni.co
5750823	mode.com
5860759	mode.com
5904570	sigmacomputing.com
5992494	sigmacomputing.com
6147408	mode.com
6171202	mode.com
6256557	mode.com
6272337	sigmacomputing.com
6393685	hex.tech
6491075	sigmacomputing.com
6495459	lightdash.com
6495460	lightdash.com
7438896	sigmacomputing.com
7477726	lightdash.com
7477726	mode.com
7569619	mode.com
7670052	sigmacomputing.com
7746182	sigmacomputing.com
7796426	sigmacomputing.com
7803186	hex.tech
7819752	sigmacomputing.com
7842877	sigmacomputing.com
7965274	mode.com
7983391	mode.com
8005976	hex.tech
8331808	omni.co
8331808	mode.com
8364612	hex.tech
8402568	hex.tech
8405743	sigmacomputing.com
8405743	hex.tech
8475095	sigmacomputing.com
8544952	sigmacomputing.com
9594773	lightdash.com
9880526	hex.tech
9902180	mode.com
9902180	hex.tech
10104662	hex.tech
10579111	hex.tech
11694330	lightdash.com
11726568	hex.tech
11822088	hex.tech
11861583	mode.com
11885482	mode.com
11886606	omni.co
11886606	sigmacomputing.com
11941012	sigmacomputing.com
11941023	mode.com
12011641	sigmacomputing.com
12011641	hex.tech
12017085	mode.com
12026720	mode.com
12027090	hex.tech
12028589	mode.com
12028589	hex.tech
12031565	mode.com
12032729	hex.tech
12034993	omni.co
12038234	hex.tech
12059728	mode.com
12070343	omni.co
12070343	mode.com
12070343	hex.tech
12075491	mode.com
12117340	sigmacomputing.com
12127909	hex.tech
12129981	omni.co
12129981	sigmacomputing.com
12129981	hex.tech
12136865	mode.com
12149154	sigmacomputing.com
12149382	hex.tech
12176095	sigmacomputing.com
12188784	mode.com
12207221	hex.tech
12208204	hex.tech
12208371	mode.com
12219514	hex.tech
12225365	hex.tech
12225727	hex.tech
12225948	mode.com
12227436	mode.com
12232566	sigmacomputing.com
12237509	omni.co
12240517	lightdash.com
12246039	lightdash.com
12246039	mode.com
12246039	sigmacomputing.com
12246039	hex.tech
12277020	omni.co
12278484	sigmacomputing.com
12278484	hex.tech
12301095	omni.co
12301095	lightdash.com
12301095	mode.com
12301095	sigmacomputing.com
12301095	hex.tech
12308928	lightdash.com
12308928	mode.com
12308928	sigmacomputing.com
12310021	omni.co
12311110	sigmacomputing.com
12315647	sigmacomputing.com
12327526	omni.co
12327526	lightdash.com
12327526	hex.tech
12328587	hex.tech
12331568	hex.tech
12333806	omni.co
12336950	sigmacomputing.com
12336950	hex.tech
12345851	mode.com
12358964	hex.tech
12359774	sigmacomputing.com
12361082	hex.tech
12365743	omni.co
12370685	hex.tech
12374766	hex.tech
12389818	mode.com
12389818	sigmacomputing.com
12426685	mode.com
12461874	mode.com
12809784	mode.com
12915122	sigmacomputing.com
12988298	hex.tech
13284997	mode.com
13825711	mode.com
13848756	mode.com
14049816	sigmacomputing.com
14091882	sigmacomputing.com
14361734	mode.com
15503980	hex.tech
15734624	sigmacomputing.com
15734624	hex.tech
15856203	mode.com
15923710	hex.tech
15986566	mode.com
15991969	hex.tech
16128002	mode.com
16176471	omni.co
16183362	lightdash.com
16187097	sigmacomputing.com
16240996	sigmacomputing.com
16371749	omni.co
16371749	sigmacomputing.com
16464655	hex.tech
16495677	hex.tech
16558907	mode.com
16650779	mode.com
16651802	sigmacomputing.com
16732542	sigmacomputing.com
16899944	mode.com
16910443	omni.co
16911933	mode.com
16971923	sigmacomputing.com
16987839	hex.tech
17004223	hex.tech
17028157	mode.com
17028157	sigmacomputing.com
17153854	mode.com
17172107	omni.co
17172107	hex.tech
17175869	hex.tech
17175947	omni.co
17176312	hex.tech
17177770	sigmacomputing.com
17177992	omni.co
17177992	hex.tech
17183405	hex.tech
17183455	hex.tech
17195981	lightdash.com
17195981	hex.tech
17200807	hex.tech
17201494	sigmacomputing.com
17201494	hex.tech
17201884	hex.tech
17202564	mode.com
17202564	hex.tech
17213974	hex.tech
17218767	hex.tech
17229772	hex.tech
17234931	hex.tech
17268332	hex.tech
17268976	sigmacomputing.com
17282724	lightdash.com
17282724	sigmacomputing.com
17282724	hex.tech
17287806	hex.tech
17305880	sigmacomputing.com
17305880	hex.tech
17376785	hex.tech
17380408	sigmacomputing.com
17381119	hex.tech
17382680	omni.co
17382826	hex.tech
17384513	sigmacomputing.com
17386453	hex.tech
17386459	hex.tech
17386739	hex.tech
17386917	hex.tech
17387090	hex.tech
17387125	hex.tech
17498183	mode.com
17608691	sigmacomputing.com
17658106	mode.com
17658106	hex.tech
17683860	mode.com
17750598	mode.com
17801017	sigmacomputing.com
17850025	mode.com
17976451	mode.com
18041999	hex.tech
18112876	sigmacomputing.com
18133685	sigmacomputing.com
18151412	lightdash.com
18174323	mode.com
18226658	hex.tech
18295993	hex.tech
18306317	mode.com
18324178	sigmacomputing.com
18352291	mode.com
18357098	omni.co
18463511	omni.co
18463511	mode.com
18463511	sigmacomputing.com
18463511	hex.tech
18466624	mode.com
18582659	mode.com
18698413	omni.co
18701412	hex.tech
18702308	mode.com
18702621	hex.tech
18793290	mode.com
18794031	mode.com
18795502	mode.com
18795651	omni.co
18795651	sigmacomputing.com
18795976	sigmacomputing.com
18797313	sigmacomputing.com
18973963	hex.tech
19093663	mode.com
19126870	hex.tech
19291303	hex.tech
19298810	mode.com
19315708	mode.com
19318590	mode.com
19320698	mode.com
19336501	mode.com
19471243	hex.tech
19510233	sigmacomputing.com
19535063	mode.com
19544520	mode.com
19607085	lightdash.com
19624594	mode.com
19631032	mode.com
19777205	mode.com
19778219	sigmacomputing.com
19816627	hex.tech
19837196	mode.com
19837196	sigmacomputing.com
19891842	mode.com
20016701	mode.com
20111017	hex.tech
20139361	mode.com
20231837	mode.com
20342889	mode.com
20377242	mode.com
20413040	mode.com
20434954	lightdash.com
20436211	hex.tech
20550778	hex.tech
20721910	mode.com
20721910	sigmacomputing.com
20730935	mode.com
20755522	mode.com
20806142	sigmacomputing.com
20806142	hex.tech
20824747	lightdash.com
20857989	lightdash.com
20964301	sigmacomputing.com
21088418	hex.tech
21145394	hex.tech
21145770	sigmacomputing.com
21248885	sigmacomputing.com
21284504	hex.tech
21329126	omni.co
21329126	hex.tech
21381809	mode.com
21393989	omni.co
21565209	mode.com
21671651	sigmacomputing.com
21703962	sigmacomputing.com
21715634	mode.com
21734883	hex.tech
21857870	mode.com
22143890	mode.com
22148223	mode.com
22236896	lightdash.com
22429809	hex.tech
22715909	omni.co
22715909	lightdash.com
22715909	mode.com
22715909	sigmacomputing.com
22715909	hex.tech
22747207	sigmacomputing.com
22760247	sigmacomputing.com
22885847	mode.com
22980249	hex.tech
23182934	mode.com
23190907	hex.tech
23195302	hex.tech
23196079	lightdash.com
23383077	omni.co
23426648	mode.com
23514353	mode.com
23546734	mode.com
23596496	mode.com
23596850	lightdash.com
23597027	sigmacomputing.com
23794758	sigmacomputing.com
23850817	mode.com
23856694	hex.tech
23903274	omni.co
23977912	hex.tech
23980764	sigmacomputing.com
24119420	sigmacomputing.com
24121566	sigmacomputing.com
24178544	mode.com
24195465	sigmacomputing.com
24202032	lightdash.com
24202032	mode.com
24202032	sigmacomputing.com
24202032	hex.tech
24203120	mode.com
24296548	hex.tech
24311997	mode.com
24326644	mode.com
24326644	sigmacomputing.com
24326644	hex.tech
24327958	mode.com
24510688	sigmacomputing.com
24610215	sigmacomputing.com
24769052	sigmacomputing.com
24889544	mode.com
24960784	mode.com
25027512	sigmacomputing.com
25121407	mode.com
25213632	mode.com
25490491	hex.tech
25493182	mode.com
25497503	sigmacomputing.com
25499094	mode.com
25813705	mode.com
25853618	mode.com
25853618	hex.tech
25853660	omni.co
25853690	hex.tech
25853710	hex.tech
25853721	hex.tech
25853806	hex.tech
25853841	hex.tech
25853876	lightdash.com
25853876	hex.tech
25853879	omni.co
25853879	hex.tech
25922830	mode.com
25937951	mode.com
26023990	sigmacomputing.com
26025960	omni.co
26025960	sigmacomputing.com
26025960	hex.tech
26035075	mode.com
26058156	sigmacomputing.com
26062576	hex.tech
26101423	omni.co
26175314	mode.com
26175314	hex.tech
26267925	hex.tech
26276197	lightdash.com
26448507	mode.com
26507825	sigmacomputing.com
26549856	mode.com
26748468	mode.com
26757481	mode.com
26780471	sigmacomputing.com
26805037	mode.com
27041220	lightdash.com
27179507	sigmacomputing.com
27204855	lightdash.com
27204855	mode.com
27204855	sigmacomputing.com
27204855	hex.tech
27221277	mode.com
27459895	sigmacomputing.com
27461013	mode.com
27486565	sigmacomputing.com
27555396	sigmacomputing.com
27711143	mode.com
27732447	sigmacomputing.com
27752183	mode.com
27802536	hex.tech
27843123	sigmacomputing.com
27843123	hex.tech
27846926	mode.com
27846926	sigmacomputing.com
27847190	hex.tech
27847207	hex.tech
27856144	mode.com
27860430	hex.tech
27871019	hex.tech
27969781	mode.com
27988691	mode.com
28035068	mode.com
28336875	mode.com
28473736	sigmacomputing.com
28477941	sigmacomputing.com
28478424	omni.co
28478424	sigmacomputing.com
28513121	omni.co
28622150	mode.com
28622246	hex.tech
28631065	mode.com
28631065	sigmacomputing.com
28639200	mode.com
28660145	mode.com
28660732	omni.co
28660748	omni.co
28660748	sigmacomputing.com
28660748	hex.tech
28673994	lightdash.com
28673994	hex.tech
28712545	mode.com
28761467	omni.co
28761467	lightdash.com
28761467	mode.com
28761467	sigmacomputing.com
28761467	hex.tech
28864427	omni.co
28865629	sigmacomputing.com
28874176	hex.tech
28935535	sigmacomputing.com
28990473	hex.tech
29004064	mode.com
29039684	mode.com
29082074	hex.tech
29082337	sigmacomputing.com
29082950	hex.tech
29103548	mode.com
29110526	sigmacomputing.com
29113485	mode.com
29121536	mode.com
29140387	hex.tech
29154344	hex.tech
29155096	hex.tech
29201472	omni.co
29218031	hex.tech
29234126	sigmacomputing.com
29236000	mode.com
29360465	hex.tech
29403715	hex.tech
29407536	hex.tech
29408609	hex.tech
29458050	mode.com
29496957	sigmacomputing.com
29504873	sigmacomputing.com
29523408	hex.tech
29535562	sigmacomputing.com
29561722	sigmacomputing.com
29575456	mode.com
29604337	sigmacomputing.com
29660464	mode.com
29685951	mode.com
29700200	mode.com
29719478	mode.com
29807283	omni.co
29807283	sigmacomputing.com
29833566	sigmacomputing.com
29861962	sigmacomputing.com
29936822	hex.tech
29940385	mode.com
29968621	mode.com
29990012	sigmacomputing.com
30046097	sigmacomputing.com
30077540	sigmacomputing.com
30108148	hex.tech
30116737	mode.com
30226406	sigmacomputing.com
30268502	omni.co
30308828	hex.tech
30330473	mode.com
30330473	sigmacomputing.com
30370719	mode.com
30415058	mode.com
30421155	hex.tech
30431728	mode.com
30431728	hex.tech
30438201	sigmacomputing.com
30440906	omni.co
30440906	hex.tech
30449616	mode.com
30458568	hex.tech
30547550	sigmacomputing.com
30550811	sigmacomputing.com
30604491	hex.tech
30610526	mode.com
30614886	lightdash.com
30614886	sigmacomputing.com
30645810	omni.co
30645810	hex.tech
30649480	mode.com
30660487	sigmacomputing.com
30674794	sigmacomputing.com
30736521	mode.com
30759666	sigmacomputing.com
30768768	sigmacomputing.com
30867245	mode.com
30895151	sigmacomputing.com
30929484	hex.tech
30992561	mode.com
31023755	sigmacomputing.com
31128028	sigmacomputing.com
31128129	mode.com
31128129	sigmacomputing.com
31128466	sigmacomputing.com
31128609	omni.co
31128909	mode.com
31128956	mode.com
31129936	mode.com
31129936	sigmacomputing.com
31130041	omni.co
31130041	mode.com
31130041	sigmacomputing.com
31130041	hex.tech
31130307	omni.co
31130307	mode.com
31130307	sigmacomputing.com
31131897	omni.co
31132024	hex.tech
31132346	sigmacomputing.com
31132346	hex.tech
31132893	lightdash.com
31132893	mode.com
31132895	hex.tech
31133539	lightdash.com
31133539	mode.com
31133539	hex.tech
31133932	sigmacomputing.com
31134341	mode.com
31134500	omni.co
31134500	mode.com
31134500	sigmacomputing.com
31134500	hex.tech
31134751	omni.co
31134751	lightdash.com
31134751	sigmacomputing.com
31134783	mode.com
31134911	mode.com
31135599	mode.com
31136833	mode.com
31138223	sigmacomputing.com
31140123	sigmacomputing.com
31140227	mode.com
31140382	mode.com
31142255	mode.com
31142255	sigmacomputing.com
31142255	hex.tech
31142549	sigmacomputing.com
31143881	hex.tech
31146827	mode.com
31154671	hex.tech
31175096	mode.com
31260897	mode.com
31260897	sigmacomputing.com
31260897	hex.tech
31368680	sigmacomputing.com
31380937	mode.com
31389090	sigmacomputing.com
31396817	mode.com
31402385	mode.com
31535078	sigmacomputing.com
31542696	mode.com
31583456	mode.com
31587926	hex.tech
31617100	mode.com
31656168	sigmacomputing.com
31656685	mode.com
31743301	mode.com
31823375	omni.co
31962053	mode.com
32062901	omni.co
32095330	sigmacomputing.com
32104313	sigmacomputing.com
32117316	omni.co
32182420	hex.tech
32220675	mode.com
32252120	hex.tech
32255542	mode.com
32334256	hex.tech
32490952	mode.com
32528476	sigmacomputing.com
32539712	mode.com
32556368	hex.tech
32588654	sigmacomputing.com
32636215	hex.tech
32658111	sigmacomputing.com
32665214	mode.com
32715267	mode.com
32728211	hex.tech
32731721	sigmacomputing.com
32794633	mode.com
32834702	hex.tech
32843022	sigmacomputing.com
32903084	mode.com
32909062	mode.com
32960782	omni.co
32960782	mode.com
33101788	mode.com
33117252	mode.com
33141054	mode.com
33263527	mode.com
33327563	sigmacomputing.com
33329526	mode.com
33393085	mode.com
33463335	mode.com
33463335	sigmacomputing.com
33509132	sigmacomputing.com
33538373	lightdash.com
33538373	sigmacomputing.com
33538373	hex.tech
33605213	mode.com
33721616	sigmacomputing.com
33724711	mode.com
33737087	omni.co
33737087	sigmacomputing.com
33788241	mode.com
33824693	hex.tech
33826290	sigmacomputing.com
33905031	sigmacomputing.com
33945868	sigmacomputing.com
33953080	mode.com
33982754	mode.com
33991089	sigmacomputing.com
34000947	hex.tech
34002444	sigmacomputing.com
34013349	sigmacomputing.com
34021654	sigmacomputing.com
34021654	hex.tech
34034501	omni.co
34034501	sigmacomputing.com
34309605	mode.com
34383092	sigmacomputing.com
34481502	sigmacomputing.com
34488527	mode.com
34505310	mode.com
34507730	sigmacomputing.com
34514526	sigmacomputing.com
34518401	mode.com
34545259	sigmacomputing.com
34582366	mode.com
34599349	mode.com
34611834	mode.com
34615288	sigmacomputing.com
34615627	mode.com
34615989	hex.tech
34621188	omni.co
34719234	mode.com
34728527	sigmacomputing.com
34760936	mode.com
34779150	omni.co
34779150	sigmacomputing.com
34779150	hex.tech
34797936	mode.com
34929337	mode.com
34956551	mode.com
35034999	sigmacomputing.com
35050920	omni.co
35055923	mode.com
35106514	omni.co
35126793	mode.com
35276691	mode.com
35277175	hex.tech
35278991	sigmacomputing.com
35278991	hex.tech
35287045	hex.tech
35287051	hex.tech
35315497	sigmacomputing.com
35369272	lightdash.com
35369272	sigmacomputing.com
35369272	hex.tech
35373558	omni.co
35373558	mode.com
35384222	hex.tech
35436186	mode.com
35436186	sigmacomputing.com
35436186	hex.tech
35440576	hex.tech
35489015	mode.com
35505988	sigmacomputing.com
35513837	sigmacomputing.com
35586848	hex.tech
35599821	mode.com
35781100	mode.com
35781100	sigmacomputing.com
35781100	hex.tech
35840098	omni.co
35867336	mode.com
35870174	lightdash.com
35870524	omni.co
35871106	hex.tech
35878382	omni.co
35965924	mode.com
35974866	hex.tech
35979301	mode.com
36011218	sigmacomputing.com
36031043	mode.com
36086503	mode.com
36086503	sigmacomputing.com
36112824	hex.tech
36112899	mode.com
36145791	omni.co
36164399	mode.com
36173240	hex.tech
36256809	mode.com
36261828	mode.com
36280129	hex.tech
36298736	lightdash.com
36342508	mode.com
36342508	hex.tech
36352763	hex.tech
36375281	sigmacomputing.com
36375281	hex.tech
36383174	sigmacomputing.com
36383174	hex.tech
36400654	mode.com
36434072	omni.co
36515469	omni.co
36515607	mode.com
36561258	sigmacomputing.com
36566387	mode.com
36631387	hex.tech
36725775	mode.com
36736428	mode.com
36736428	hex.tech
36797683	sigmacomputing.com
36805581	hex.tech
36844676	mode.com
36849102	lightdash.com
36874849	mode.com
36907790	mode.com
36908683	lightdash.com
36909072	omni.co
36909072	lightdash.com
36909072	mode.com
36909072	sigmacomputing.com
36909072	hex.tech
36911398	hex.tech
36911925	hex.tech
36930845	hex.tech
36935695	hex.tech
36951954	mode.com
36952866	omni.co
36954859	lightdash.com
36958173	mode.com
37051063	sigmacomputing.com
37119091	lightdash.com
37119091	mode.com
37119091	sigmacomputing.com
37119091	hex.tech
37154991	mode.com
37173561	hex.tech
37191783	mode.com
37194222	mode.com
37206871	mode.com
37206871	sigmacomputing.com
37278902	hex.tech
37330646	sigmacomputing.com
37339101	mode.com
37366203	sigmacomputing.com
37368734	sigmacomputing.com
37473886	omni.co
37473886	hex.tech
37503849	mode.com
37503849	sigmacomputing.com
37503849	hex.tech
37507488	mode.com
37529616	mode.com
37543476	mode.com
37631061	hex.tech
37638961	mode.com
37741299	sigmacomputing.com
37799689	hex.tech
37824885	sigmacomputing.com
37824885	hex.tech
37826564	mode.com
37837227	mode.com
37926925	mode.com
37926925	sigmacomputing.com
37927261	mode.com
37928555	hex.tech
37998271	lightdash.com
37998537	hex.tech
38043809	hex.tech
38233310	mode.com
38233607	mode.com
38245865	sigmacomputing.com
38311352	hex.tech
38517873	hex.tech
38698300	lightdash.com
38764739	mode.com
38989783	mode.com
39005195	mode.com
39005195	hex.tech
39095876	sigmacomputing.com
39104575	sigmacomputing.com
39302185	sigmacomputing.com
39302191	mode.com
39302191	sigmacomputing.com
39304042	mode.com
39315435	hex.tech
39387285	sigmacomputing.com
39406541	mode.com
39408282	mode.com
39453401	mode.com
39453401	sigmacomputing.com
39453401	hex.tech
39552611	sigmacomputing.com
39561959	hex.tech
39583265	mode.com
39794686	mode.com
40037368	mode.com
40061778	sigmacomputing.com
40123173	omni.co
40185455	mode.com
40292422	mode.com
40292422	sigmacomputing.com
40314351	mode.com
40507953	sigmacomputing.com
40512587	hex.tech
40688590	sigmacomputing.com
40726406	hex.tech
40758108	sigmacomputing.com
40773453	sigmacomputing.com
40785090	mode.com
40865446	omni.co
40875857	mode.com
40955396	sigmacomputing.com
41016650	sigmacomputing.com
41022050	omni.co
41165014	hex.tech
41179963	mode.com
41197357	mode.com
41225246	hex.tech
41392012	mode.com
41400334	hex.tech
41428504	sigmacomputing.com
41597845	mode.com
41629788	mode.com
41675972	sigmacomputing.com
41689336	lightdash.com
41693544	mode.com
41715393	mode.com
41747098	sigmacomputing.com
41748004	mode.com
41748004	sigmacomputing.com
41789978	omni.co
41789978	mode.com
41789978	sigmacomputing.com
41841950	mode.com
41898903	mode.com
41898903	sigmacomputing.com
41898983	mode.com
41898983	sigmacomputing.com
41900300	mode.com
41900315	mode.com
41900315	sigmacomputing.com
41905746	sigmacomputing.com
41908080	hex.tech
41908834	sigmacomputing.com
41910090	mode.com
41928263	hex.tech
41929232	sigmacomputing.com
41930550	mode.com
41943404	hex.tech
41960876	sigmacomputing.com
42022235	sigmacomputing.com
42030101	hex.tech
42034125	mode.com
42036923	mode.com
42097572	sigmacomputing.com
42122492	mode.com
42123431	omni.co
42123431	sigmacomputing.com
42123431	hex.tech
42184388	sigmacomputing.com
42283316	lightdash.com
42339521	sigmacomputing.com
42388902	sigmacomputing.com
42505257	sigmacomputing.com
42518875	hex.tech
42524950	sigmacomputing.com
42538352	mode.com
42606073	hex.tech
42750441	sigmacomputing.com
42765129	mode.com
42771688	mode.com
42772519	mode.com
42776543	mode.com
42810782	mode.com
42821277	mode.com
42824895	mode.com
42825836	sigmacomputing.com
42960125	mode.com
43041731	hex.tech
43074769	sigmacomputing.com
43090291	mode.com
43090291	sigmacomputing.com
43090291	hex.tech
43131490	mode.com
43168022	mode.com
43196453	mode.com
43374602	sigmacomputing.com
43374602	hex.tech
43402451	hex.tech
43466132	sigmacomputing.com
43532445	hex.tech
43532735	lightdash.com
43620096	hex.tech
43638874	mode.com
43670132	sigmacomputing.com
43673219	sigmacomputing.com
43770405	mode.com
43928591	mode.com
44097858	sigmacomputing.com
44104218	sigmacomputing.com
44110693	omni.co
44192689	hex.tech
44335719	omni.co
44335719	mode.com
44335719	sigmacomputing.com
44335719	hex.tech
44408053	mode.com
44530214	mode.com
44555288	mode.com
44714272	sigmacomputing.com
44755582	hex.tech
44829219	mode.com
44848072	sigmacomputing.com
44865065	mode.com
44873352	hex.tech
44957395	omni.co
44983949	mode.com
45047421	mode.com
45086002	mode.com
45086253	hex.tech
45201214	mode.com
45341144	sigmacomputing.com
45454318	hex.tech
45480123	sigmacomputing.com
45480123	hex.tech
45507801	mode.com
45532710	sigmacomputing.com
45555523	mode.com
45811507	sigmacomputing.com
45910748	mode.com
45970876	mode.com
46044831	sigmacomputing.com
46081193	mode.com
46256102	mode.com
46260155	mode.com
46260517	lightdash.com
46273952	mode.com
46278865	hex.tech
46419580	hex.tech
46443433	mode.com
46445990	sigmacomputing.com
46446040	hex.tech
46634327	sigmacomputing.com
46659704	sigmacomputing.com
46762603	mode.com
46845579	mode.com
46845736	mode.com
46851195	mode.com
46859025	mode.com
46859042	omni.co
46859042	mode.com
46859042	hex.tech
46877458	mode.com
46952399	hex.tech
46961896	lightdash.com
47018497	mode.com
47072715	mode.com
47106850	mode.com
47106850	hex.tech
47121899	mode.com
47164896	mode.com
47298355	sigmacomputing.com
47339754	sigmacomputing.com
47343078	mode.com
47345425	sigmacomputing.com
47399112	hex.tech
47425832	mode.com
47514328	mode.com
47566426	hex.tech
47620203	mode.com
47620203	hex.tech
47698291	sigmacomputing.com
47728615	sigmacomputing.com
47780957	mode.com
47794482	mode.com
47867336	mode.com
47871385	mode.com
47953329	mode.com
48055790	sigmacomputing.com
48139709	omni.co
48139709	lightdash.com
48139709	hex.tech
48143365	sigmacomputing.com
48145136	lightdash.com
48145136	hex.tech
48366053	mode.com
48400145	mode.com
48416717	mode.com
48418744	sigmacomputing.com
48441169	mode.com
48516498	mode.com
48537114	mode.com
48601764	sigmacomputing.com
48690745	mode.com
48690906	sigmacomputing.com
48695764	mode.com
48742305	mode.com
48781433	hex.tech
48798054	omni.co
48798054	mode.com
48927595	mode.com
48954180	mode.com
48961582	mode.com
49031437	omni.co
49031521	mode.com
49031521	sigmacomputing.com
49048811	sigmacomputing.com
49108530	mode.com
49190498	hex.tech
49206759	sigmacomputing.com
49239457	hex.tech
49243239	lightdash.com
49243239	mode.com
49243239	hex.tech
49248511	mode.com
49306157	hex.tech
49309732	hex.tech
49478018	mode.com
49478095	lightdash.com
49479344	lightdash.com
49518952	mode.com
49680268	mode.com
49716045	lightdash.com
49716045	mode.com
49717518	omni.co
49743941	mode.com
49748680	omni.co
49748680	hex.tech
49762195	mode.com
49798001	omni.co
49844868	mode.com
49884681	mode.com
49891156	hex.tech
49897808	mode.com
49902269	mode.com
49947271	sigmacomputing.com
49973010	mode.com
50014921	mode.com
50050198	sigmacomputing.com
50053960	mode.com
50056488	hex.tech
50113508	mode.com
50117050	hex.tech
50127961	mode.com
50204719	sigmacomputing.com
50385672	mode.com
50483959	sigmacomputing.com
50493393	mode.com
50555049	hex.tech
50584043	mode.com
50613117	mode.com
50613734	hex.tech
50619894	mode.com
50677681	mode.com
50750836	sigmacomputing.com
50750836	hex.tech
50765940	lightdash.com
50765940	mode.com
50765940	sigmacomputing.com
50765940	hex.tech
50785587	hex.tech
50796119	lightdash.com
50864030	lightdash.com
50892864	mode.com
50897485	lightdash.com
50898233	omni.co
50898233	mode.com
50898233	sigmacomputing.com
50898233	hex.tech
50986995	hex.tech
50988010	mode.com
51031967	lightdash.com
51047625	mode.com
51066393	mode.com
51070641	hex.tech
51181903	sigmacomputing.com
51260833	mode.com
51261688	sigmacomputing.com
51265444	mode.com
51265803	hex.tech
51326897	mode.com
51366123	sigmacomputing.com
51437768	hex.tech
51527513	mode.com
51583102	mode.com
51743840	hex.tech
51743928	omni.co
51743928	sigmacomputing.com
51743928	hex.tech
51802946	sigmacomputing.com
51809353	hex.tech
51829432	mode.com
51856057	sigmacomputing.com
51868791	mode.com
51950708	sigmacomputing.com
51971228	mode.com
51976252	mode.com
51999176	mode.com
51999176	sigmacomputing.com
51999717	mode.com
51999717	hex.tech
52021101	mode.com
52046184	mode.com
52052897	hex.tech
52071397	mode.com
52109298	hex.tech
52141569	mode.com
52142936	hex.tech
52165473	sigmacomputing.com
52179446	mode.com
52186809	sigmacomputing.com
52194164	hex.tech
52201969	hex.tech
52208916	mode.com
52212553	sigmacomputing.com
52241522	omni.co
52247044	mode.com
52276858	mode.com
52304893	mode.com
52330847	hex.tech
52484287	mode.com
52502024	mode.com
52502024	sigmacomputing.com
52502683	lightdash.com
52574000	hex.tech
52928513	hex.tech
53039774	mode.com
53039774	sigmacomputing.com
53039774	hex.tech
53064439	sigmacomputing.com
53091135	mode.com
53101091	sigmacomputing.com
53102200	hex.tech
53141655	mode.com
53149824	sigmacomputing.com
53152294	mode.com
53223716	mode.com
53296931	mode.com
53327367	sigmacomputing.com
53341712	mode.com
53368663	hex.tech
53388528	mode.com
53422410	omni.co
53422410	sigmacomputing.com
53422934	lightdash.com
53513809	sigmacomputing.com
53530330	omni.co
53550155	mode.com
53556789	mode.com
53587840	mode.com
53589049	sigmacomputing.com
53593078	sigmacomputing.com
53602384	sigmacomputing.com
53671987	mode.com
53674606	sigmacomputing.com
53700963	sigmacomputing.com
53724262	mode.com
53727090	hex.tech
53738521	hex.tech
53741053	mode.com
53769156	mode.com
53792674	hex.tech
53822343	mode.com
53889187	mode.com
53922977	mode.com
53924205	sigmacomputing.com
53951723	sigmacomputing.com
54001350	omni.co
54020272	mode.com
54037513	mode.com
54037601	lightdash.com
54038205	sigmacomputing.com
54054930	mode.com
54077246	sigmacomputing.com
54081518	omni.co
54145217	omni.co
54171051	sigmacomputing.com
54171052	sigmacomputing.com
54223837	lightdash.com
54359473	hex.tech
54439491	mode.com
54442880	sigmacomputing.com
54444099	mode.com
54545538	mode.com
54545538	hex.tech
54668244	sigmacomputing.com
54689153	mode.com
54711236	hex.tech
54720065	lightdash.com
54720065	sigmacomputing.com
54720065	hex.tech
54734634	hex.tech
54857973	sigmacomputing.com
55018743	omni.co
55248056	mode.com
55294163	mode.com
55440084	mode.com
55443707	hex.tech
55464417	hex.tech
55477819	sigmacomputing.com
55477819	hex.tech
55479297	hex.tech
55493576	hex.tech
55514906	mode.com
55514906	hex.tech
55515703	mode.com
55537626	omni.co
55707586	mode.com
55722674	mode.com
55722814	hex.tech
55767203	mode.com
55767203	sigmacomputing.com
55798169	mode.com
55816491	hex.tech
55817616	mode.com
55922788	mode.com
55938715	mode.com
55965609	sigmacomputing.com
55986285	hex.tech
56020435	sigmacomputing.com
56055804	hex.tech
56060528	sigmacomputing.com
56061296	mode.com
56090503	mode.com
56143034	mode.com
56143034	sigmacomputing.com
56168469	hex.tech
56174281	sigmacomputing.com
56208614	hex.tech
56302993	sigmacomputing.com
56305477	mode.com
56317244	sigmacomputing.com
56435826	hex.tech
56443029	mode.com
56494028	sigmacomputing.com
56509462	mode.com
56571927	mode.com
56571927	sigmacomputing.com
56571927	hex.tech
56601436	mode.com
56610599	sigmacomputing.com
56634861	sigmacomputing.com
56635731	sigmacomputing.com
56656765	mode.com
56676192	mode.com
56731245	sigmacomputing.com
56738100	mode.com
56739544	mode.com
56821855	hex.tech
56822202	hex.tech
56884806	omni.co
56884806	lightdash.com
56884806	sigmacomputing.com
56884806	hex.tech
57019667	hex.tech
57064619	mode.com
57064619	hex.tech
57071079	mode.com
57085323	mode.com
57117399	sigmacomputing.com
57159109	hex.tech
57159712	hex.tech
57192170	mode.com
57220256	sigmacomputing.com
57220852	omni.co
57220852	hex.tech
57229977	hex.tech
57265434	mode.com
57366470	sigmacomputing.com
57368786	mode.com
57386911	mode.com
57388455	mode.com
57402452	lightdash.com
57402452	mode.com
57417775	mode.com
57419619	hex.tech
57458132	lightdash.com
57461933	hex.tech
57466965	hex.tech
57515198	hex.tech
57573848	hex.tech
57590665	hex.tech
57597010	sigmacomputing.com
57601923	sigmacomputing.com
57605108	hex.tech
57625997	sigmacomputing.com
57625997	hex.tech
57631895	mode.com
57776619	sigmacomputing.com
57785647	omni.co
57785647	mode.com
57785647	hex.tech
57785671	omni.co
57793867	sigmacomputing.com
57828632	mode.com
57828632	sigmacomputing.com
57844976	lightdash.com
57844976	hex.tech
57861314	hex.tech
57951321	mode.com
57983879	sigmacomputing.com
58014358	mode.com
58081642	mode.com
58083138	lightdash.com
58083138	sigmacomputing.com
58225054	sigmacomputing.com
58234201	mode.com
58234201	sigmacomputing.com
58315578	mode.com
58315578	sigmacomputing.com
58349705	mode.com
58351254	mode.com
58351254	sigmacomputing.com
58351254	hex.tech
58375880	mode.com
58386376	lightdash.com
58429915	sigmacomputing.com
58517844	mode.com
58517857	omni.co
58517857	mode.com
58517869	hex.tech
58518010	mode.com
58518010	hex.tech
58518269	sigmacomputing.com
58518408	hex.tech
58518438	sigmacomputing.com
58518838	sigmacomputing.com
58546042	mode.com
58546042	sigmacomputing.com
58606550	mode.com
58688575	mode.com
58692230	mode.com
58760831	mode.com
58767324	mode.com
58816866	mode.com
58991769	mode.com
59043959	hex.tech
59045609	mode.com
59070933	sigmacomputing.com
59073265	mode.com
59092044	lightdash.com
59092044	mode.com
59092044	sigmacomputing.com
59092044	hex.tech
59103780	hex.tech
59105155	sigmacomputing.com
59144965	omni.co
59160273	mode.com
59204417	sigmacomputing.com
59255368	mode.com
59345326	mode.com
59414436	sigmacomputing.com
59442236	hex.tech
59484269	hex.tech
59486891	sigmacomputing.com
59507787	sigmacomputing.com
59520087	mode.com
59540388	hex.tech
59550323	mode.com
59599301	mode.com
59599929	hex.tech
59636521	sigmacomputing.com
59645209	mode.com
59727485	sigmacomputing.com
59732235	mode.com
59836257	sigmacomputing.com
59857050	mode.com
59879186	omni.co
59879186	sigmacomputing.com
59934571	mode.com
59999518	hex.tech
60112091	omni.co
60192543	mode.com
60215553	omni.co
60250502	mode.com
60250502	hex.tech
60260607	hex.tech
60293850	mode.com
60293850	sigmacomputing.com
60339887	mode.com
60354922	hex.tech
60361013	hex.tech
60372331	mode.com
60536992	mode.com
60632955	sigmacomputing.com
60645165	sigmacomputing.com
60647745	sigmacomputing.com
60678040	omni.co
60684613	omni.co
60684613	mode.com
60684613	hex.tech
60698676	mode.com
60699850	mode.com
60727178	sigmacomputing.com
60732642	mode.com
60732766	mode.com
60739520	lightdash.com
60739520	hex.tech
60797079	hex.tech
60800566	mode.com
60833018	omni.co
60833018	sigmacomputing.com
60833018	hex.tech
60919438	omni.co
60919438	mode.com
60919438	sigmacomputing.com
60924432	mode.com
60942127	hex.tech
61005178	mode.com
61005178	sigmacomputing.com
61011992	mode.com
61011992	hex.tech
61049374	mode.com
61090618	mode.com
61153557	mode.com
61153557	hex.tech
61268117	mode.com
61323301	mode.com
61323301	sigmacomputing.com
61358169	sigmacomputing.com
61447003	sigmacomputing.com
61465707	mode.com
61481194	mode.com
61481376	omni.co
61481856	mode.com
61536692	mode.com
61536692	sigmacomputing.com
61577246	hex.tech
61641075	mode.com
61647251	lightdash.com
61647251	sigmacomputing.com
61647251	hex.tech
61648740	mode.com
61648740	sigmacomputing.com
61648740	hex.tech
61648822	lightdash.com
61659831	hex.tech
61668763	mode.com
61668955	mode.com
61668955	sigmacomputing.com
61668955	hex.tech
61670024	lightdash.com
61670024	sigmacomputing.com
61670501	lightdash.com
61670501	mode.com
61670501	sigmacomputing.com
61716378	sigmacomputing.com
61811663	mode.com
61925949	mode.com
61927992	hex.tech
61930966	sigmacomputing.com
61937409	mode.com
61937409	sigmacomputing.com
61937409	hex.tech
61940353	hex.tech
61966357	sigmacomputing.com
61967610	hex.tech
61992305	sigmacomputing.com
62031144	sigmacomputing.com
62051683	mode.com
62058285	sigmacomputing.com
62066997	mode.com
62101415	omni.co
62101415	lightdash.com
62101415	mode.com
62101415	sigmacomputing.com
62101415	hex.tech
62278366	omni.co
62284433	mode.com
62284433	sigmacomputing.com
62291683	mode.com
62299907	sigmacomputing.com
62302947	sigmacomputing.com
62311787	sigmacomputing.com
62325751	omni.co
62328420	hex.tech
62345936	sigmacomputing.com
62365794	sigmacomputing.com
62425119	sigmacomputing.com
62443928	mode.com
62446432	hex.tech
62479723	mode.com
62494166	sigmacomputing.com
62526831	sigmacomputing.com
62559473	sigmacomputing.com
62594488	hex.tech
62597003	mode.com
62720436	sigmacomputing.com
62748304	hex.tech
62790890	mode.com
62839894	omni.co
62857377	omni.co
62857377	sigmacomputing.com
62864066	mode.com
62889455	hex.tech
62924328	hex.tech
62951787	hex.tech
62955183	sigmacomputing.com
63095289	mode.com
63099022	mode.com
63115281	mode.com
63119582	omni.co
63121259	sigmacomputing.com
63127236	hex.tech
63128267	omni.co
63128267	sigmacomputing.com
63129920	mode.com
63131235	sigmacomputing.com
63132902	mode.com
63135004	hex.tech
63153103	hex.tech
63161513	hex.tech
63162276	sigmacomputing.com
63162514	omni.co
63163905	mode.com
63186749	lightdash.com
63186749	mode.com
63201438	sigmacomputing.com
63244557	sigmacomputing.com
63244557	hex.tech
63349052	mode.com
63364940	mode.com
63422760	mode.com
63463359	mode.com
63467346	lightdash.com
63471812	mode.com
63471812	hex.tech
63481560	hex.tech
63489639	hex.tech
63518113	hex.tech
63518168	hex.tech
63526810	mode.com
63551570	hex.tech
63692598	mode.com
63705840	sigmacomputing.com
63709442	mode.com
63717828	sigmacomputing.com
63721835	hex.tech
63732565	sigmacomputing.com
63784309	mode.com
63810979	mode.com
63848837	mode.com
63856033	mode.com
63876906	mode.com
63909427	mode.com
63945494	mode.com
63946193	mode.com
63982385	mode.com
64020495	mode.com
64031494	mode.com
64070604	hex.tech
64107136	sigmacomputing.com
64110288	omni.co
64142212	mode.com
64161987	mode.com
64208712	mode.com
64208712	sigmacomputing.com
64233397	omni.co
64233397	hex.tech
64246366	hex.tech
64253685	omni.co
64256432	sigmacomputing.com
64267536	lightdash.com
64285777	mode.com
64323509	mode.com
64323638	sigmacomputing.com
64330278	mode.com
64357036	hex.tech
64364342	omni.co
64452561	mode.com
64453895	omni.co
64472125	mode.com
64478387	sigmacomputing.com
64485676	sigmacomputing.com
64508131	sigmacomputing.com
64513338	mode.com
64529800	mode.com
64612890	mode.com
64662380	sigmacomputing.com
64684271	omni.co
64699070	hex.tech
64708274	mode.com
64724340	hex.tech
64751558	mode.com
64777376	sigmacomputing.com
64840788	hex.tech
64841988	hex.tech
64846660	mode.com
64870016	hex.tech
64932644	omni.co
64932644	hex.tech
64968363	hex.tech
64969371	lightdash.com
64969371	hex.tech
64970700	sigmacomputing.com
64971088	hex.tech
64989379	mode.com
64999840	sigmacomputing.com
65008120	hex.tech
65032897	lightdash.com
65043661	sigmacomputing.com
65048781	sigmacomputing.com
65114285	lightdash.com
65114575	lightdash.com
65197624	hex.tech
65272950	hex.tech
65275704	hex.tech
65318184	mode.com
65338400	lightdash.com
65348515	sigmacomputing.com
65371312	mode.com
65372377	lightdash.com
65377383	omni.co
65426420	hex.tech
65446014	sigmacomputing.com
65451458	sigmacomputing.com
65451458	hex.tech
65468239	hex.tech
65527965	mode.com
65550382	omni.co
65550382	mode.com
65567558	hex.tech
65581910	hex.tech
65642925	mode.com
65684333	sigmacomputing.com
65765563	sigmacomputing.com
65781880	mode.com
65781880	hex.tech
65803519	mode.com
65891728	sigmacomputing.com
65956113	lightdash.com
66036295	mode.com
66051346	sigmacomputing.com
66105806	lightdash.com
66166693	sigmacomputing.com
66187652	omni.co
66187652	mode.com
66187652	sigmacomputing.com
66187652	hex.tech
66190649	lightdash.com
66190649	sigmacomputing.com
66200604	lightdash.com
66200604	mode.com
66200604	hex.tech
66213536	mode.com
66223022	mode.com
66290677	omni.co
66297019	hex.tech
66299003	sigmacomputing.com
66300746	lightdash.com
66300746	hex.tech
66301809	mode.com
66303300	hex.tech
66304709	sigmacomputing.com
66311323	sigmacomputing.com
66367838	hex.tech
66380597	lightdash.com
66384522	sigmacomputing.com
66456903	sigmacomputing.com
66551263	sigmacomputing.com
66583384	mode.com
66589091	mode.com
66604424	mode.com
66605620	mode.com
66636323	mode.com
66636323	sigmacomputing.com
66652919	hex.tech
66701621	sigmacomputing.com
66711967	sigmacomputing.com
66771808	sigmacomputing.com
66771808	hex.tech
66777080	mode.com
66832730	hex.tech
66945673	mode.com
66955472	mode.com
67025866	sigmacomputing.com
67103770	sigmacomputing.com
67210083	sigmacomputing.com
67215847	mode.com
67264135	mode.com
67279566	mode.com
67315254	sigmacomputing.com
67335307	mode.com
67340946	mode.com
67503666	sigmacomputing.com
67503666	hex.tech
67518599	hex.tech
67559909	hex.tech
67602438	hex.tech
67606712	mode.com
67608359	mode.com
67608359	sigmacomputing.com
67608359	hex.tech
67627672	omni.co
67627672	mode.com
67633377	mode.com
67633377	hex.tech
67634367	omni.co
67634367	mode.com
67642812	hex.tech
67649312	hex.tech
67721598	lightdash.com
67721598	sigmacomputing.com
67725924	mode.com
67730445	mode.com
67731866	mode.com
67741759	hex.tech
67751090	mode.com
67861345	lightdash.com
67861787	omni.co
67861787	mode.com
67861787	sigmacomputing.com
67861787	hex.tech
67909663	mode.com
67919044	mode.com
67966673	hex.tech
68002133	sigmacomputing.com
68008857	mode.com
68020198	hex.tech
68069886	mode.com
68164662	sigmacomputing.com
68185483	mode.com
68185483	hex.tech
68189418	mode.com
68199144	hex.tech
68204399	mode.com
68273704	mode.com
68279655	mode.com
68344716	hex.tech
68356740	sigmacomputing.com
68367640	sigmacomputing.com
68368139	mode.com
68370244	omni.co
68370244	mode.com
68424505	sigmacomputing.com
68479665	sigmacomputing.com
68616713	hex.tech
68636187	mode.com
68636187	hex.tech
68645409	omni.co
68668597	hex.tech
68869352	sigmacomputing.com
68965181	mode.com
69075435	lightdash.com
69075435	mode.com
69075435	sigmacomputing.com
69075435	hex.tech
69075557	hex.tech
69121898	mode.com
69162437	mode.com
69332338	hex.tech
69341460	sigmacomputing.com
69341460	hex.tech
69524529	sigmacomputing.com
69543487	mode.com
69549169	lightdash.com
69549169	mode.com
69555627	hex.tech
69564580	mode.com
69564634	omni.co
69633061	sigmacomputing.com
69883814	hex.tech
69916394	mode.com
69916394	sigmacomputing.com
69993137	mode.com
70000817	mode.com
70012491	sigmacomputing.com
70018740	sigmacomputing.com
70250116	mode.com
70300545	mode.com
70881495	sigmacomputing.com
71435697	sigmacomputing.com
71622168	mode.com
71647372	mode.com
71778765	mode.com
72240064	lightdash.com
72241634	mode.com
72312306	sigmacomputing.com
72645963	mode.com
72988203	mode.com
73020135	hex.tech
73099241	sigmacomputing.com
73260033	lightdash.com
73260033	sigmacomputing.com
73261257	omni.co
73261257	hex.tech
73579646	mode.com
73821196	mode.com
73965273	mode.com
74024354	lightdash.com
74087012	mode.com
74116443	mode.com
74120680	sigmacomputing.com
74330279	lightdash.com
75026609	mode.com
75053776	mode.com
75189260	mode.com
75889339	hex.tech
75889976	hex.tech
75927753	hex.tech
75936542	mode.com
75938857	mode.com
75943918	sigmacomputing.com
75946309	lightdash.com
75946309	sigmacomputing.com
75946309	hex.tech
75947173	hex.tech
75947637	omni.co
75947643	sigmacomputing.com
75947643	hex.tech
75953722	hex.tech
75954244	omni.co
75954995	mode.com
75955185	lightdash.com
75955185	mode.com
75955185	hex.tech
75956172	hex.tech
75957071	hex.tech
75963111	lightdash.com
75963111	hex.tech
75963977	hex.tech
75971819	mode.com
75973618	hex.tech
75978835	mode.com
75980484	hex.tech
75981384	hex.tech
75982093	hex.tech
75983579	sigmacomputing.com
75985417	hex.tech
75985508	mode.com
75985508	sigmacomputing.com
75985508	hex.tech
75988416	sigmacomputing.com
75989236	hex.tech
75990872	hex.tech
76000933	hex.tech
76009860	mode.com
76009860	hex.tech
76010645	mode.com
76011340	omni.co
76011340	mode.com
76011340	hex.tech
76013104	sigmacomputing.com
76014182	sigmacomputing.com
76017754	mode.com
76017754	hex.tech
76019093	hex.tech
76031860	hex.tech
76031958	omni.co
76031958	lightdash.com
76031958	mode.com
76031958	sigmacomputing.com
76031958	hex.tech
76042303	sigmacomputing.com
76044223	mode.com
76058953	mode.com
76076704	hex.tech
76078416	mode.com
76078416	hex.tech
76078936	hex.tech
76081655	hex.tech
76515855	lightdash.com
76583237	mode.com
76645109	hex.tech
76682479	hex.tech
76684065	hex.tech
76684448	mode.com
76687958	mode.com
76689477	mode.com
76690211	sigmacomputing.com
76691185	sigmacomputing.com
76691696	mode.com
76692563	sigmacomputing.com
76693965	sigmacomputing.com
76699232	sigmacomputing.com
76699566	hex.tech
76706712	mode.com
76812183	lightdash.com
76812183	mode.com
76814769	mode.com
76924933	sigmacomputing.com
77138824	mode.com
77215879	mode.com
77240019	mode.com
77351849	sigmacomputing.com
77389682	lightdash.com
77430450	mode.com
77498550	hex.tech
77519368	sigmacomputing.com
77721228	mode.com
77814956	sigmacomputing.com
78011686	mode.com
78137098	mode.com
78472707	hex.tech
78574907	hex.tech
78617160	hex.tech
78645869	omni.co
78646055	mode.com
78649866	hex.tech
78650234	omni.co
78653264	omni.co
78653264	lightdash.com
78653264	hex.tech
78653561	mode.com
78653561	hex.tech
78664087	omni.co
78667023	hex.tech
78668970	lightdash.com
78668970	hex.tech
78882651	omni.co
78931836	omni.co
78931836	lightdash.com
78931836	hex.tech
79074146	omni.co
79110138	hex.tech
79149377	omni.co
79165908	sigmacomputing.com
79165908	hex.tech
79556543	hex.tech
79685560	mode.com
79698836	mode.com
79752256	omni.co
79825153	omni.co
80129711	hex.tech
80156015	mode.com
80196422	mode.com
80210644	lightdash.com
80438068	mode.com
80492620	hex.tech
80493040	hex.tech
80508285	mode.com
80508470	mode.com
80508470	sigmacomputing.com
80508470	hex.tech
80509295	mode.com
80509295	hex.tech
80510158	mode.com
80512005	mode.com
80539619	lightdash.com
80542943	lightdash.com
80542943	hex.tech
80543061	mode.com
80543830	omni.co
80543830	hex.tech
80634614	sigmacomputing.com
80663248	sigmacomputing.com
80667497	sigmacomputing.com
80670942	sigmacomputing.com
80676805	sigmacomputing.com
80753230	hex.tech
80784950	mode.com
80848127	sigmacomputing.com
80994767	mode.com
80994767	sigmacomputing.com
80994767	hex.tech
81045354	hex.tech
81054487	omni.co
81054487	sigmacomputing.com
81058196	omni.co
81181795	sigmacomputing.com
81284524	sigmacomputing.com
81325491	mode.com
81658559	hex.tech
81690443	mode.com
81776060	mode.com
81782381	mode.com
81789034	mode.com
81808537	hex.tech
81818708	mode.com
81948299	sigmacomputing.com
82034819	mode.com
82151422	mode.com
82184145	mode.com
82186855	hex.tech
82324519	mode.com
82344084	mode.com
82408664	sigmacomputing.com
82421620	mode.com
82432006	mode.com
82669674	mode.com
82674119	mode.com
82674120	mode.com
82675508	mode.com
82748448	mode.com
82750869	sigmacomputing.com
82773253	mode.com
82775583	sigmacomputing.com
82841829	sigmacomputing.com
82843545	lightdash.com
83226116	mode.com
83261454	hex.tech
83453182	mode.com
83506084	mode.com
83852223	mode.com
83966635	mode.com
84006988	sigmacomputing.com
84009477	mode.com
84009908	mode.com
84017018	sigmacomputing.com
84018113	hex.tech
84020402	sigmacomputing.com
84021460	lightdash.com
84027398	mode.com
84027639	omni.co
84027639	mode.com
84040326	hex.tech
84040533	lightdash.com
84040605	omni.co
84040605	sigmacomputing.com
84040605	hex.tech
84040773	sigmacomputing.com
84040773	hex.tech
84067969	hex.tech
84073635	sigmacomputing.com
84073635	hex.tech
84078063	sigmacomputing.com
84081852	mode.com
84088939	sigmacomputing.com
84089825	mode.com
84095561	lightdash.com
84096611	omni.co
84096611	mode.com
84096611	sigmacomputing.com
84096611	hex.tech
84096859	mode.com
84096859	sigmacomputing.com
84096859	hex.tech
84104810	mode.com
84114359	omni.co
84114359	sigmacomputing.com
84114359	hex.tech
84114360	omni.co
84114360	sigmacomputing.com
84115715	mode.com
84115786	mode.com
84115820	hex.tech
84115920	mode.com
84116018	sigmacomputing.com
84116080	mode.com
84116154	sigmacomputing.com
84116236	hex.tech
84116411	hex.tech
84116743	sigmacomputing.com
84119079	mode.com
84119202	hex.tech
84120685	mode.com
84122500	sigmacomputing.com
84129915	lightdash.com
84131299	mode.com
84132016	mode.com
84137321	hex.tech
84139381	sigmacomputing.com
84140062	lightdash.com
84140456	omni.co
84140456	lightdash.com
84140456	hex.tech
84144068	sigmacomputing.com
84144068	hex.tech
84144462	mode.com
84145195	mode.com
84145767	lightdash.com
84150226	mode.com
84150880	mode.com
84151734	lightdash.com
84151734	mode.com
84151734	sigmacomputing.com
84151734	hex.tech
84151996	mode.com
84151996	sigmacomputing.com
84151996	hex.tech
84152074	lightdash.com
84152350	omni.co
84152415	omni.co
84152415	lightdash.com
84152415	sigmacomputing.com
84152415	hex.tech
84153111	omni.co
84153111	mode.com
84153111	hex.tech
84153593	mode.com
84153645	mode.com
84153698	lightdash.com
84153698	mode.com
84153698	hex.tech
84155825	mode.com
84157662	mode.com
84157662	sigmacomputing.com
84157662	hex.tech
84159506	mode.com
84160267	mode.com
84160714	sigmacomputing.com
84164887	omni.co
84165388	omni.co
84165388	lightdash.com
84165388	mode.com
84165388	sigmacomputing.com
84165388	hex.tech
84171600	omni.co
84171600	hex.tech
84174007	mode.com
84174007	sigmacomputing.com
84174269	mode.com
84181351	sigmacomputing.com
84181768	mode.com
84181768	hex.tech
84182581	hex.tech
84183479	hex.tech
84183808	mode.com
84188720	sigmacomputing.com
84190691	hex.tech
84197499	sigmacomputing.com
84201580	lightdash.com
84202303	sigmacomputing.com
84202781	sigmacomputing.com
84203689	mode.com
84207115	omni.co
84208153	hex.tech
84208381	sigmacomputing.com
84209475	sigmacomputing.com
84209697	mode.com
84210904	sigmacomputing.com
84215270	mode.com
84215270	hex.tech
84217356	hex.tech
84220117	mode.com
84220361	mode.com
84220479	mode.com
84227337	hex.tech
84228493	lightdash.com
84229943	lightdash.com
84230452	mode.com
84230735	lightdash.com
84230735	sigmacomputing.com
84230735	hex.tech
84233947	omni.co
84233947	sigmacomputing.com
84233947	hex.tech
84234912	hex.tech
84236113	mode.com
84238608	hex.tech
84239267	lightdash.com
84243395	mode.com
84243676	sigmacomputing.com
84245916	mode.com
84247150	sigmacomputing.com
84250459	sigmacomputing.com
84251274	hex.tech
84252469	omni.co
84252868	mode.com
84252868	hex.tech
84253441	hex.tech
84254324	mode.com
84255868	mode.com
84255868	sigmacomputing.com
84269346	sigmacomputing.com
84274320	mode.com
84274433	sigmacomputing.com
84275211	sigmacomputing.com
84279943	omni.co
84280126	hex.tech
84280576	omni.co
84280808	mode.com
84280808	hex.tech
84285932	sigmacomputing.com
84286374	omni.co
84286374	lightdash.com
84286374	mode.com
84286953	mode.com
84287502	lightdash.com
84289929	mode.com
84292148	hex.tech
84297382	hex.tech
84297408	mode.com
84297441	hex.tech
84297585	hex.tech
84297795	hex.tech
84300212	mode.com
84315352	mode.com
84316136	omni.co
84316136	sigmacomputing.com
84319344	mode.com
84319777	mode.com
84319777	hex.tech
84325833	mode.com
84325833	sigmacomputing.com
84325833	hex.tech
84326523	hex.tech
84328308	mode.com
84328308	sigmacomputing.com
84334154	mode.com
84341553	mode.com
84486440	mode.com
84494857	mode.com
84893297	hex.tech
85038701	mode.com
85408971	hex.tech
85836493	mode.com
85927678	hex.tech
85928135	mode.com
85956084	hex.tech
86012536	sigmacomputing.com
86042609	omni.co
86042609	lightdash.com
86042609	mode.com
86042609	sigmacomputing.com
86042609	hex.tech
86069001	sigmacomputing.com
86086194	lightdash.com
86278082	mode.com
86318381	lightdash.com
86388777	mode.com
86407747	omni.co
86407747	hex.tech
86409761	mode.com
86441889	omni.co
86561463	mode.com
86694980	lightdash.com
86786730	hex.tech
86947957	sigmacomputing.com
86991944	mode.com
87157432	omni.co
87158551	mode.com
87558661	mode.com
87558661	sigmacomputing.com
87870955	sigmacomputing.com
87870955	hex.tech
87881452	hex.tech
87957255	omni.co
87957255	mode.com
88312057	mode.com
88314971	sigmacomputing.com
88420410	mode.com
88466197	hex.tech
88494461	mode.com
88516573	mode.com
88542427	mode.com
88565028	sigmacomputing.com
88567709	mode.com
88570892	hex.tech
88598807	sigmacomputing.com
88600104	lightdash.com
88624228	sigmacomputing.com
88626662	mode.com
88637823	mode.com
88674644	sigmacomputing.com
88750680	sigmacomputing.com
88754067	mode.com
88902752	mode.com
88909907	lightdash.com
89149710	hex.tech
89354488	mode.com
89617149	omni.co
89708610	mode.com
89708610	sigmacomputing.com
89765719	omni.co
89871762	hex.tech
90084758	mode.com
90181331	mode.com
90202864	hex.tech
90210771	hex.tech
90334118	sigmacomputing.com
90430376	sigmacomputing.com
90499722	sigmacomputing.com
90528277	hex.tech
90533210	mode.com
90533210	sigmacomputing.com
90543668	hex.tech
90830475	hex.tech
90865989	hex.tech
90891949	mode.com
90930998	mode.com
90944848	mode.com
91194525	hex.tech
91215241	mode.com
91220337	sigmacomputing.com
91273496	mode.com
91289458	sigmacomputing.com
91589051	mode.com
91589051	sigmacomputing.com
91644285	lightdash.com
91650723	mode.com
91671756	sigmacomputing.com
91818703	mode.com
91823831	hex.tech
91856606	hex.tech
91887626	mode.com
91981561	mode.com
92006814	mode.com
92165678	mode.com
92234444	mode.com
92234444	hex.tech
92243049	hex.tech
92282415	hex.tech
92287329	mode.com
92294732	omni.co
92445951	sigmacomputing.com
92460807	mode.com
92537705	mode.com
92610024	sigmacomputing.com
92610348	sigmacomputing.com
92746308	sigmacomputing.com
92884252	sigmacomputing.com
92928241	mode.com
92973927	omni.co
92973927	sigmacomputing.com
93138534	mode.com
93155945	hex.tech
93164383	hex.tech
93173982	omni.co
93217390	mode.com
93234281	omni.co
93243066	mode.com
93244337	mode.com
93244764	mode.com
93488523	hex.tech
93564020	mode.com
93573947	mode.com
94232844	omni.co
94915866	sigmacomputing.com
94978424	sigmacomputing.com
95210098	mode.com
95285074	sigmacomputing.com
95305232	sigmacomputing.com
95305232	hex.tech
95305324	mode.com
95310782	hex.tech
95424148	sigmacomputing.com
95516638	sigmacomputing.com
95588010	hex.tech
95606572	sigmacomputing.com
95619658	mode.com
95619802	hex.tech
95853796	mode.com
96048766	mode.com
96197838	hex.tech
96268965	hex.tech
96697199	mode.com
96697199	hex.tech
97026117	mode.com
97160763	sigmacomputing.com
97161381	sigmacomputing.com
97168089	mode.com
97168089	hex.tech
97329627	mode.com
97358650	sigmacomputing.com
97363943	mode.com
97688547	hex.tech
97963959	sigmacomputing.com
98028744	hex.tech
98035357	omni.co
98235325	sigmacomputing.com
98376729	hex.tech
98613538	mode.com
98789623	omni.co
98789623	sigmacomputing.com
98789623	hex.tech
98883900	mode.com
99135920	mode.com
99135920	hex.tech
99135938	mode.com
99181129	mode.com
99197424	mode.com
99263532	mode.com
99263532	hex.tech
99306597	sigmacomputing.com
99314397	mode.com
99314524	mode.com
99319151	hex.tech
99520746	sigmacomputing.com
99576040	mode.com
99580161	omni.co
99589410	mode.com
99639137	hex.tech
99691207	sigmacomputing.com
99965748	sigmacomputing.com
99965748	hex.tech
99973775	mode.com
100021198	sigmacomputing.com
100025728	sigmacomputing.com
100027804	mode.com
100033064	mode.com
100073950	sigmacomputing.com
100103911	mode.com
100207613	mode.com
100393197	mode.com
100430653	hex.tech
100540769	lightdash.com
100686543	sigmacomputing.com
100761134	hex.tech
100788948	mode.com
100861889	hex.tech
100931783	mode.com
100931783	sigmacomputing.com
100931783	hex.tech
101090834	mode.com
101153271	sigmacomputing.com
101229875	hex.tech
101230383	hex.tech
101338535	hex.tech
101491140	hex.tech
101531056	mode.com
101676718	mode.com
101683466	hex.tech
101801830	hex.tech
101822837	mode.com
101822837	sigmacomputing.com
101824451	sigmacomputing.com
101830584	sigmacomputing.com
101830687	hex.tech
101854445	hex.tech
102076350	sigmacomputing.com
102266039	sigmacomputing.com
102270326	mode.com
102270326	sigmacomputing.com
102270936	mode.com
102295070	mode.com
102313231	mode.com
102313231	sigmacomputing.com
102313231	hex.tech
102336214	mode.com
102339486	sigmacomputing.com
102360267	hex.tech
102404287	mode.com
102437299	hex.tech
102445133	mode.com
102648474	lightdash.com
102833295	lightdash.com
103122758	sigmacomputing.com
103385548	hex.tech
103484593	mode.com
104148994	sigmacomputing.com
104195251	mode.com
104255905	sigmacomputing.com
104376476	sigmacomputing.com
104391979	hex.tech
104741521	mode.com
104793578	lightdash.com
105074659	mode.com
105075598	hex.tech
105174617	hex.tech
105467998	mode.com
105515166	sigmacomputing.com
105627524	mode.com
105813209	lightdash.com
105900835	hex.tech
106096145	mode.com
106305241	mode.com
106384159	hex.tech
106606088	mode.com
106764814	mode.com
106827563	mode.com
106883731	mode.com
107449768	mode.com
107505672	lightdash.com
107505672	mode.com
107505672	sigmacomputing.com
107505672	hex.tech
107624825	hex.tech
107659197	omni.co
107684195	sigmacomputing.com
107787454	omni.co
108080190	mode.com
108080190	sigmacomputing.com
108080190	hex.tech
108296437	lightdash.com
108302963	hex.tech
108311697	mode.com
108313436	hex.tech
108350575	sigmacomputing.com
108351978	hex.tech
108385198	hex.tech
108385199	mode.com
108385199	hex.tech
108385542	omni.co
108385542	lightdash.com
108385542	mode.com
108385542	sigmacomputing.com
108385542	hex.tech
108386643	hex.tech
108811858	lightdash.com
108936188	omni.co
109019685	sigmacomputing.com
109033056	mode.com
109180822	hex.tech
109358908	omni.co
109382131	omni.co
109382131	lightdash.com
109382131	hex.tech
109476846	omni.co
109619141	mode.com
109708978	hex.tech
109709032	hex.tech
109710422	hex.tech
109716055	mode.com
109717843	hex.tech
109717888	hex.tech
109732459	hex.tech
109737837	hex.tech
109738804	mode.com
109758934	omni.co
109829609	hex.tech
109832834	lightdash.com
109836675	mode.com
109838471	hex.tech
109852260	lightdash.com
109869351	mode.com
110275592	mode.com
110310885	hex.tech
110339995	hex.tech
110378947	lightdash.com
110381926	mode.com
110386056	lightdash.com
110386535	hex.tech
110387909	mode.com
110393081	lightdash.com
110397150	lightdash.com
110397150	mode.com
110397150	sigmacomputing.com
110397150	hex.tech
110408833	sigmacomputing.com
110415824	hex.tech
110440559	hex.tech
110440868	hex.tech
110442980	lightdash.com
110442980	mode.com
110442980	sigmacomputing.com
110442980	hex.tech
110457741	sigmacomputing.com
110458356	hex.tech
110517811	hex.tech
110635794	mode.com
110645397	omni.co
110645397	lightdash.com
110645397	mode.com
110645397	hex.tech
110653300	lightdash.com
110653301	lightdash.com
110654683	mode.com
110702867	mode.com
110750337	hex.tech
110752402	hex.tech
110754575	hex.tech
111173096	hex.tech
111366031	omni.co
111467793	lightdash.com
111539536	omni.co
111890447	hex.tech
111902995	hex.tech
111935420	hex.tech
112014856	omni.co
112076000	mode.com
112085966	mode.com
112234477	sigmacomputing.com
112281980	mode.com
112414891	mode.com
112705016	sigmacomputing.com
112752031	mode.com
112791110	sigmacomputing.com
112881324	mode.com
112957464	sigmacomputing.com
113298762	omni.co
113524578	mode.com
113912544	sigmacomputing.com
114093459	sigmacomputing.com
114209859	omni.co
114395903	mode.com
114446199	mode.com
114483963	sigmacomputing.com
114519568	mode.com
114781142	sigmacomputing.com
114831537	lightdash.com
114857159	mode.com
114864006	omni.co
114864006	sigmacomputing.com
115064078	mode.com
115118435	mode.com
115134400	mode.com
115213543	mode.com
115280996	sigmacomputing.com
115609047	omni.co
115686807	omni.co
115686807	hex.tech
115716745	mode.com
115716745	sigmacomputing.com
115773227	sigmacomputing.com
115777505	mode.com
115790543	mode.com
115790543	sigmacomputing.com
115849864	mode.com
116051299	mode.com
116052949	mode.com
116052949	hex.tech
116057847	sigmacomputing.com
116059096	lightdash.com
116059271	omni.co
116059271	hex.tech
116060575	hex.tech
116060605	hex.tech
116060777	hex.tech
116095294	mode.com
116579476	mode.com
116706347	mode.com
116745103	lightdash.com
116789900	hex.tech
116919255	sigmacomputing.com
117199918	hex.tech
117666214	hex.tech
117666224	hex.tech
117682519	hex.tech
117748436	hex.tech
118026817	omni.co
118026817	mode.com
118026817	sigmacomputing.com
118026817	hex.tech
118038120	sigmacomputing.com
118064975	mode.com
118097427	omni.co
118097427	mode.com
118097427	sigmacomputing.com
118097427	hex.tech
118167423	mode.com
118168812	lightdash.com
118168812	mode.com
118197158	omni.co
118197158	mode.com
118197158	sigmacomputing.com
118197158	hex.tech
118206247	hex.tech
118208447	omni.co
118208447	sigmacomputing.com
118208447	hex.tech
118210973	hex.tech
118230156	mode.com
118234384	omni.co
118234384	mode.com
118234384	sigmacomputing.com
118234384	hex.tech
118238859	omni.co
118238859	mode.com
118238859	sigmacomputing.com
118238859	hex.tech
118296080	omni.co
118301788	omni.co
118301788	mode.com
118301788	sigmacomputing.com
118301788	hex.tech
118303065	hex.tech
118316593	hex.tech
118317470	hex.tech
118326681	omni.co
118326681	mode.com
118326681	sigmacomputing.com
118326681	hex.tech
118342547	omni.co
118342547	mode.com
118342547	sigmacomputing.com
118342547	hex.tech
118350263	hex.tech
118371089	omni.co
118371089	sigmacomputing.com
118371089	hex.tech
118752052	hex.tech
